candidate	source_row	written	reading	jmdict_id	entry_path
N2-S135	135	朝寝坊	あさねぼう	1428410	entries/1428/1428410-asanebou.org
N2-S137	137	足元	あしもと	1586390	entries/1586/1586390-ashimoto.org
N2-S140	140	温まる	あたたまる	1586430	entries/1586/1586430-atatamaru.org
N2-S145	145	宛名	あてな	1586520	entries/1586/1586520-atena.org
N2-S169	169	荒れる	あれる	1281490	entries/1281/1281490-areru.org
N2-S255	255	絵の具	えのぐ	1202290	entries/1202/1202290-enogu.org
N2-S296	296	伯父	おじ	1607070	entries/1607/1607070-oji.org
N2-S312	312	各々	おのおの	2826190	entries/2826/2826190-onoono.org
N2-S313	313	伯母	おば	1607100	entries/1607/1607100-oba.org
N2-S315	315	小母さん	おばさん	2261510	entries/2261/2261510-obasan.org
N2-S323	323	思い切り	おもいきり	2834138	entries/2834/2834138-omoikiri.org
N2-S327	327	重たい	おもたい	1335780	entries/1335/1335780-omotai.org
N2-S337	337	御中	おんちゅう	1270530	entries/1270/1270530-onchuu.org
N2-S341	341	貝	かい	1203100	entries/1203/1203100-kai.org
N2-S345	345	改札	かいさつ	1200840	entries/1200/1200840-kaisatsu.org
N2-S366	366	書留	かきとめ	1589960	entries/1589/1589960-kakitome.org
N2-S369	369	限り	かぎり	1264610	entries/1264/1264610-kagiri.org
N2-S376	376	拡張	かくちょう	1205220	entries/1205/1205220-kakuchou.org
N2-S392	392	貸し出し	かしだし	1590240	entries/1590/1590240-kashidashi.org
N2-S397	397	箇所	かしょ	1590250	entries/1590/1590250-kasho.org
N2-S420	420	勝手に	かってに	1346200	entries/1346/1346200-katteni.org
N2-S434	434	構いません	かまいません	1279670	entries/1279/1279670-kamaimasen.org
N2-S456	456	元日	がんじつ	1261010	entries/1261/1261010-ganjitsu.org
N2-S458	458	感ずる	かんずる	1609650	entries/1609/1609650-kanzuru.org
N2-S470	470	乾杯	かんぱい	1590950	entries/1590/1590950-kanpai.org
N2-S477	477	着替える	きがえる	1423170	entries/1423/1423170-kigaeru.org
N2-S480	480	器具	きぐ	1218920	entries/1218/1218920-kigu.org
N2-S503	503	休養	きゅうよう	1228100	entries/1228/1228100-kyuuyou.org
N2-S530	530	苦心	くしん	1244530	entries/1244/1244530-kushin.org
N2-S535	535	砕く	くだく	1295170	entries/1295/1295170-kudaku.org
N2-S561	561	毛糸	けいと	1533860	entries/1533/1533860-keito.org
N2-S573	573	下旬	げじゅん	1185330	entries/1185/1185330-gejun.org
N2-S581	581	月末	げつまつ	1255840	entries/1255/1255840-getsumatsu.org
N2-S582	582	気配	けはい	1222510	entries/1222/1222510-kehai.org
N2-S585	585	煙い	けむい	1177190	entries/1177/1177190-kemui.org
N2-S594	594	厳重	げんじゅう	1262660	entries/1262/1262660-genjuu.org
N2-S595	595	謙遜	けんそん	1260240	entries/1260/1260240-kenson.org
N2-S597	597	限度	げんど	1264690	entries/1264/1264690-gendo.org
N2-S600	600	懸命	けんめい	1257730	entries/1257/1257730-kenmei.org
N2-S620	620	口実	こうじつ	1276220	entries/1276/1276220-koujitsu.org
N2-S626	626	功績	こうせき	1275070	entries/1275/1275070-kouseki.org
N2-S635	635	肯定	こうてい	1281180	entries/1281/1281180-koutei.org
N2-S655	655	焦げる	こげる	1350730	entries/1350/1350730-kogeru.org
N2-S656	656	凍える	こごえる	1446180	entries/1446/1446180-kogoeru.org
N2-S673	673	言葉遣い	ことばづかい	1264560	entries/1264/1264560-kotobazukai.org
N2-S680	680	堪える	こらえる	2827352	entries/2827/2827352-koraeru.org
N2-S681	681	娯楽	ごらく	1269290	entries/1269/1269290-goraku.org
N2-S697	697	在学	ざいがく	1296440	entries/1296/1296440-zaigaku.org
N2-S706	706	逆さ	さかさ	1226970	entries/1226/1226970-sakasa.org
N2-S750	750	寺院	じいん	1315250	entries/1315/1315250-jiin.org
N2-S758	758	仕方がない	しかたがない	1305420	entries/1305/1305420-shikataganai.org
N2-S776	776	自宅	じたく	1318260	entries/1318/1318260-jitaku.org
N2-S808	808	締切	しめきり	1594590	entries/1594/1594590-shimekiri.org
N2-S813	813	地面	じめん	1421510	entries/1421/1421510-jimen.org
N2-S822	822	社説	しゃせつ	1322890	entries/1322/1322890-shasetsu.org
N2-S831	831	住居	じゅうきょ	2841455	entries/2841/2841455-juukyo.org
N2-S851	851	主人	しゅじん	1579780	entries/1579/1579780-shujin.org
N2-S882	882	上旬	じょうじゅん	1353410	entries/1353/1353410-joujun.org
N2-S891	891	上品	じょうひん	1354230	entries/1354/1354230-jouhin.org
N2-S897	897	消耗	しょうもう	1580310	entries/1580/1580310-shoumou.org
N2-S903	903	職場	しょくば	1357540	entries/1357/1357540-shokuba.org
N2-S905	905	書籍	しょせき	1344090	entries/1344/1344090-shoseki.org
N2-S909	909	書道	しょどう	1344130	entries/1344/1344130-shodou.org
N2-S910	910	初歩	しょほ	1343050	entries/1343/1343050-shoho.org
N2-S916	916	汁	しる	1335520	entries/1335/1335520-shiru.org
N2-S922	922	人事	じんじ	1367870	entries/1367/1367870-jinji.org
N2-S939	939	炊事	すいじ	1372350	entries/1372/1372350-suiji.org
N2-S950	950	水面	すいめん	1372120	entries/1372/1372120-suimen.org
N2-S957	957	隙	すき	1253780	entries/1253/1253780-suki.org
N2-S967	967	涼む	すずむ	1554380	entries/1554/1554380-suzumu.org
N2-S1024	1024	台詞	せりふ	1577270	entries/1577/1577270-serifu.org
N2-S1029	1029	全集	ぜんしゅう	1395340	entries/1395/1395340-zenshuu.org
N2-S1042	1042	洗面	せんめん	1391050	entries/1391/1391050-senmen.org
N2-S1043	1043	全力	ぜんりょく	1396390	entries/1396/1396390-zenryoku.org
N2-S1061	1061	送料	そうりょう	1402870	entries/1402/1402870-souryou.org
N2-S1066	1066	測量	そくりょう	1404590	entries/1404/1404590-sokuryou.org
N2-S1090	1090	大学院	だいがくいん	1413250	entries/1413/1413250-daigakuin.org
N2-S1145	1145	断定	だんてい	1419740	entries/1419/1419740-dantei.org
N2-S1150	1150	近々	ちかぢか	1578110	entries/1578/1578110-chikajika.org
N2-S1189	1189	直通	ちょくつう	1431440	entries/1431/1431440-chokutsuu.org
N2-S1209	1209	月日	つきひ	1255780	entries/1255/1255780-tsukihi.org
N2-S1213	1213	務める	つとめる	2872052	entries/2872/2872052-tsutomeru.org
N2-S1238	1238	定休日	ていきゅうび	1435540	entries/1435/1435540-teikyuubi.org
N2-S1241	1241	停電	ていでん	1435020	entries/1435/1435020-teiden.org
N2-S1251	1251	凸凹	でこぼこ	1582410	entries/1582/1582410-dekoboko.org
N2-S1254	1254	弟子	でし	1581960	entries/1581/1581960-deshi.org
N2-S1271	1271	伝染	でんせん	1442110	entries/1442/1442110-densen.org
N2-S1313	1313	退ける	どける	2850084	entries/2850/2850084-dokeru.org
N2-S1323	1323	殿	どの	1442500	entries/1442/1442500-dono.org
N2-S1332	1332	採る	とる	1599160	entries/1599/1599160-toru.org
N2-S1340	1340	長引く	ながびく	1610950	entries/1610/1610950-nagabiku.org
N2-S1346	1346	為す	なす	2861111	entries/2861/2861111-nasu.org
N2-S1358	1358	並木	なみき	1599640	entries/1599/1599640-namiki.org
N2-S1374	1374	濁る	にごる	1415960	entries/1415/1415960-nigoru.org
N2-S1404	1404	糊	のり	1267400	entries/1267/1267400-nori.org
N2-S1407	1407	乗り越し	のりこし	1600480	entries/1600/1600480-norikoshi.org
N2-S1408	1408	鈍い	のろい	2838553	entries/2838/2838553-noroi.org
N2-S1414	1414	売店	ばいてん	1474040	entries/1474/1474040-baiten.org
N2-S1422	1422	吐き気	はきけ	1444120	entries/1444/1444120-hakike.org
N2-S1440	1440	発	はつ	1477120	entries/1477/1477120-hatsu.org
N2-S1452	1452	甚だしい	はなはだしい	1370010	entries/1370/1370010-hanahadashii.org
N2-S1456	1456	跳ねる	はねる	1429620	entries/1429/1429620-haneru.org
N2-S1460	1460	早口	はやくち	1400240	entries/1400/1400240-hayakuchi.org
N2-S1475	1475	半島	はんとう	1479770	entries/1479/1479770-hantou.org
N2-S1479	1479	日帰り	ひがえり	1463920	entries/1463/1463920-higaeri.org
N2-S1488	1488	卑怯	ひきょう	1482710	entries/1482/1482710-hikyou.org
N2-S1498	1498	筆記	ひっき	1487800	entries/1487/1487800-hikki.org
N2-S1543	1543	風船	ふうせん	1499940	entries/1499/1499940-fuusen.org
N2-S1556	1556	不潔	ふけつ	1492160	entries/1492/1492160-fuketsu.org
N2-S1587	1587	振り向く	ふりむく	1361190	entries/1361/1361190-furimuku.org
N2-S1659	1659	盆	ぼん	1523700	entries/1523/1523700-bon.org
N2-S1662	1662	本部	ほんぶ	1523170	entries/1523/1523170-honbu.org
N2-S1701	1701	見上げる	みあげる	1259740	entries/1259/1259740-miageru.org
N2-S1705	1705	三日月	みかづき	1301340	entries/1301/1301340-mikazuki.org
N2-S1706	1706	岬	みさき	1611700	entries/1611/1611700-misaki.org
N2-S1710	1710	自ら	みずから	1317340	entries/1317/1317340-mizukara.org
N2-S1711	1711	水着	みずぎ	1371830	entries/1371/1371830-mizugi.org
N2-S1716	1716	見詰める	みつめる	1604580	entries/1604/1604580-mitsumeru.org
N2-S1735	1735	無数	むすう	1530280	entries/1530/1530280-musuu.org
N2-S1736	1736	紫	むらさき	1311640	entries/1311/1311640-murasaki.org
N2-S1761	1761	免税	めんぜい	1533230	entries/1533/1533230-menzei.org
N2-S1784	1784	紅葉	もみじ	2857870	entries/2857/2857870-momiji.org
N2-S1820	1820	行方	ゆくえ	1282180	entries/1282/1282180-yukue.org
N2-S1859	1859	欄	らん	1549350	entries/1549/1549350-ran.org
N2-S1877	1877	臨時	りんじ	1555610	entries/1555/1555610-rinji.org
N2-S1881	1881	冷凍	れいとう	1557170	entries/1557/1557170-reitou.org
N2-S1887	1887	連合	れんごう	1559450	entries/1559/1559450-rengou.org
