candidate	written	reading	jmdict_id	entry_path	source_url
Kotoba N2 4	仰ぐ	あおぐ	1238780	entries/1238/1238780-aogu.org	https://kotoba.wangpeifeng.com/jlpt-n2-vocabulary
Kotoba N2 16	異議	いぎ	1157580	entries/1157/1157580-igi.org	https://kotoba.wangpeifeng.com/jlpt-n2-vocabulary
Kotoba N2 17	移行	いこう	1158240	entries/1158/1158240-ikou.org	https://kotoba.wangpeifeng.com/jlpt-n2-vocabulary
Kotoba N2 18	意向	いこう	1587200	entries/1587/1587200-ikou.org	https://kotoba.wangpeifeng.com/jlpt-n2-vocabulary
Kotoba N2 24	上下	うえした	1352700	entries/1352/1352700-ueshita.org	https://kotoba.wangpeifeng.com/jlpt-n2-vocabulary
Kotoba N2 32	演習	えんしゅう	1176930	entries/1176/1176930-enshuu.org	https://kotoba.wangpeifeng.com/jlpt-n2-vocabulary
Kotoba N2 36	丈	たけ	1354600	entries/1354/1354600-take.org	https://kotoba.wangpeifeng.com/jlpt-n2-vocabulary
Kotoba N2 44	脅かす	おびやかす	1578075	entries/1578/1578075-obiyakasu.org	https://kotoba.wangpeifeng.com/jlpt-n2-vocabulary
Kotoba N2 50	確立	かくりつ	1206030	entries/1206/1206030-kakuritsu.org	https://kotoba.wangpeifeng.com/jlpt-n2-vocabulary
Kotoba N2 51	加工	かこう	1190120	entries/1190/1190120-kakou.org	https://kotoba.wangpeifeng.com/jlpt-n2-vocabulary
Kotoba N2 55	化繊	かせん	1187250	entries/1187/1187250-kasen.org	https://kotoba.wangpeifeng.com/jlpt-n2-vocabulary
Kotoba N2 56	河川	かせん	1193520	entries/1193/1193520-kasen.org	https://kotoba.wangpeifeng.com/jlpt-n2-vocabulary
Kotoba N2 63	干渉	かんしょう	1212050	entries/1212/1212050-kanshou.org	https://kotoba.wangpeifeng.com/jlpt-n2-vocabulary
Kotoba N2 64	緩和	かんわ	1214530	entries/1214/1214530-kanwa.org	https://kotoba.wangpeifeng.com/jlpt-n2-vocabulary
Kotoba N2 66	月日	がっぴ	1609580	entries/1609/1609580-gappi.org	https://kotoba.wangpeifeng.com/jlpt-n2-vocabulary
Kotoba N2 67	基金	ききん	1219020	entries/1219/1219020-kikin.org	https://kotoba.wangpeifeng.com/jlpt-n2-vocabulary
Kotoba N2 68	気象	きしょう	1222270	entries/1222/1222270-kishou.org	https://kotoba.wangpeifeng.com/jlpt-n2-vocabulary
Kotoba N2 70	教科	きょうか	1237010	entries/1237/1237010-kyouka.org	https://kotoba.wangpeifeng.com/jlpt-n2-vocabulary
Kotoba N2 82	現行	げんこう	1263630	entries/1263/1263630-genkou.org	https://kotoba.wangpeifeng.com/jlpt-n2-vocabulary
Kotoba N2 83	原子	げんし	1261570	entries/1261/1261570-genshi.org	https://kotoba.wangpeifeng.com/jlpt-n2-vocabulary
Kotoba N2 84	行員	こういん	1281840	entries/1281/1281840-kouin.org	https://kotoba.wangpeifeng.com/jlpt-n2-vocabulary
Kotoba N2 85	好況	こうきょう	1277620	entries/1277/1277620-koukyou.org	https://kotoba.wangpeifeng.com/jlpt-n2-vocabulary
Kotoba N2 86	講習	こうしゅう	1282290	entries/1282/1282290-koushuu.org	https://kotoba.wangpeifeng.com/jlpt-n2-vocabulary
Kotoba N2 87	降水	こうすい	1282890	entries/1282/1282890-kousui.org	https://kotoba.wangpeifeng.com/jlpt-n2-vocabulary
Kotoba N2 88	抗争	こうそう	1278950	entries/1278/1278950-kousou.org	https://kotoba.wangpeifeng.com/jlpt-n2-vocabulary
Kotoba N2 89	構想	こうそう	1279780	entries/1279/1279780-kousou.org	https://kotoba.wangpeifeng.com/jlpt-n2-vocabulary
Kotoba N2 90	後退	こうたい	1269880	entries/1269/1269880-koutai.org	https://kotoba.wangpeifeng.com/jlpt-n2-vocabulary
Kotoba N2 91	口頭	こうとう	1276710	entries/1276/1276710-koutou.org	https://kotoba.wangpeifeng.com/jlpt-n2-vocabulary
Kotoba N2 92	荒廃	こうはい	1281620	entries/1281/1281620-kouhai.org	https://kotoba.wangpeifeng.com/jlpt-n2-vocabulary
Kotoba N2 93	好評	こうひょう	1277780	entries/1277/1277780-kouhyou.org	https://kotoba.wangpeifeng.com/jlpt-n2-vocabulary
Kotoba N2 94	公用	こうよう	1274940	entries/1274/1274940-kouyou.org	https://kotoba.wangpeifeng.com/jlpt-n2-vocabulary
Kotoba N2 96	固体	こたい	1266640	entries/1266/1266640-kotai.org	https://kotoba.wangpeifeng.com/jlpt-n2-vocabulary
Kotoba N2 105	採算	さいさん	1294780	entries/1294/1294780-saisan.org	https://kotoba.wangpeifeng.com/jlpt-n2-vocabulary
Kotoba N2 106	細胞	さいぼう	1295740	entries/1295/1295740-saibou.org	https://kotoba.wangpeifeng.com/jlpt-n2-vocabulary
Kotoba N2 107	映える	はえる	1600620	entries/1600/1600620-haeru.org	https://kotoba.wangpeifeng.com/jlpt-n2-vocabulary
Kotoba N2 111	寒気	かんき	2866134	entries/2866/2866134-kanki.org	https://kotoba.wangpeifeng.com/jlpt-n2-vocabulary
Kotoba N2 112	侍	さむらい	1314780	entries/1314/1314780-samurai.org	https://kotoba.wangpeifeng.com/jlpt-n2-vocabulary
Kotoba N2 116	視覚	しかく	1312010	entries/1312/1312010-shikaku.org	https://kotoba.wangpeifeng.com/jlpt-n2-vocabulary
Kotoba N2 117	資格	しかく	1312690	entries/1312/1312690-shikaku.org	https://kotoba.wangpeifeng.com/jlpt-n2-vocabulary
Kotoba N2 122	使命	しめい	1306160	entries/1306/1306160-shimei.org	https://kotoba.wangpeifeng.com/jlpt-n2-vocabulary
Kotoba N2 127	少数	しょうすう	1349070	entries/1349/1349070-shousuu.org	https://kotoba.wangpeifeng.com/jlpt-n2-vocabulary
Kotoba N2 130	退く	しりぞく	1595084	entries/1595/1595084-shirizoku.org	https://kotoba.wangpeifeng.com/jlpt-n2-vocabulary
Kotoba N2 133	新	しん	1361480	entries/1361/1361480-shin.org	https://kotoba.wangpeifeng.com/jlpt-n2-vocabulary
Kotoba N2 134	新人	しんじん	1361960	entries/1361/1361960-shinjin.org	https://kotoba.wangpeifeng.com/jlpt-n2-vocabulary
Kotoba N2 135	神聖	しんせい	1364730	entries/1364/1364730-shinsei.org	https://kotoba.wangpeifeng.com/jlpt-n2-vocabulary
Kotoba N2 136	進路	しんろ	1366200	entries/1366/1366200-shinro.org	https://kotoba.wangpeifeng.com/jlpt-n2-vocabulary
Kotoba N2 149	生死	せいし	1379060	entries/1379/1379060-seishi.org	https://kotoba.wangpeifeng.com/jlpt-n2-vocabulary
Kotoba N2 150	聖書	せいしょ	1380340	entries/1380/1380340-seisho.org	https://kotoba.wangpeifeng.com/jlpt-n2-vocabulary
Kotoba N2 151	正当	せいとう	1377660	entries/1377/1377660-seitou.org	https://kotoba.wangpeifeng.com/jlpt-n2-vocabulary
Kotoba N2 152	戦闘	せんとう	1390420	entries/1390/1390420-sentou.org	https://kotoba.wangpeifeng.com/jlpt-n2-vocabulary
Kotoba N2 154	捜索	そうさく	1399690	entries/1399/1399690-sousaku.org	https://kotoba.wangpeifeng.com/jlpt-n2-vocabulary
Kotoba N2 158	態勢	たいせい	1410770	entries/1410/1410770-taisei.org	https://kotoba.wangpeifeng.com/jlpt-n2-vocabulary
Kotoba N2 165	第一	だいいち	1415270	entries/1415/1415270-daiichi.org	https://kotoba.wangpeifeng.com/jlpt-n2-vocabulary
Kotoba N2 168	中傷	ちゅうしょう	1424500	entries/1424/1424500-chuushou.org	https://kotoba.wangpeifeng.com/jlpt-n2-vocabulary
Kotoba N2 169	次いで	ついで	1316390	entries/1316/1316390-tsuide.org	https://kotoba.wangpeifeng.com/jlpt-n2-vocabulary
Kotoba N2 174	摘む	つむ	1437060	entries/1437/1437060-tsumu.org	https://kotoba.wangpeifeng.com/jlpt-n2-vocabulary
Kotoba N2 179	電線	でんせん	1443570	entries/1443/1443570-densen.org	https://kotoba.wangpeifeng.com/jlpt-n2-vocabulary
Kotoba N2 189	慣らす	ならす	1212650	entries/1212/1212650-narasu.org	https://kotoba.wangpeifeng.com/jlpt-n2-vocabulary
Kotoba N2 205	繁栄	はんえい	1481670	entries/1481/1481670-hanei.org	https://kotoba.wangpeifeng.com/jlpt-n2-vocabulary
Kotoba N2 207	老ける	ふける	1561010	entries/1561/1561010-fukeru.org	https://kotoba.wangpeifeng.com/jlpt-n2-vocabulary
Kotoba N2 208	罰	ばつ	1478060	entries/1478/1478060-batsu.org	https://kotoba.wangpeifeng.com/jlpt-n2-vocabulary
Kotoba N2 215	布巾	ふきん	1496850	entries/1496/1496850-fukin.org	https://kotoba.wangpeifeng.com/jlpt-n2-vocabulary
Kotoba N2 217	富豪	ふごう	1496780	entries/1496/1496780-fugou.org	https://kotoba.wangpeifeng.com/jlpt-n2-vocabulary
Kotoba N2 218	負債	ふさい	1498080	entries/1498/1498080-fusai.org	https://kotoba.wangpeifeng.com/jlpt-n2-vocabulary
Kotoba N2 224	兵器	へいき	1506320	entries/1506/1506320-heiki.org	https://kotoba.wangpeifeng.com/jlpt-n2-vocabulary
Kotoba N2 225	閉口	へいこう	1508660	entries/1508/1508660-heikou.org	https://kotoba.wangpeifeng.com/jlpt-n2-vocabulary
Kotoba N2 226	平行	へいこう	2835826	entries/2835/2835826-heikou.org	https://kotoba.wangpeifeng.com/jlpt-n2-vocabulary
Kotoba N2 228	法学	ほうがく	1517230	entries/1517/1517230-hougaku.org	https://kotoba.wangpeifeng.com/jlpt-n2-vocabulary
Kotoba N2 229	放棄	ほうき	1516580	entries/1516/1516580-houki.org	https://kotoba.wangpeifeng.com/jlpt-n2-vocabulary
Kotoba N2 230	保険	ほけん	1513440	entries/1513/1513440-hoken.org	https://kotoba.wangpeifeng.com/jlpt-n2-vocabulary
Kotoba N2 231	坊ちゃん	ぼっちゃん	1603720	entries/1603/1603720-botchan.org	https://kotoba.wangpeifeng.com/jlpt-n2-vocabulary
Kotoba N2 243	設ける	もうける	1386000	entries/1386/1386000-moukeru.org	https://kotoba.wangpeifeng.com/jlpt-n2-vocabulary
Kotoba N2 247	持ち	もち	1612060	entries/1612/1612060-mochi.org	https://kotoba.wangpeifeng.com/jlpt-n2-vocabulary
Kotoba N2 250	漏る	もる	1560840	entries/1560/1560840-moru.org	https://kotoba.wangpeifeng.com/jlpt-n2-vocabulary
Kotoba N2 257	勇敢	ゆうかん	1539730	entries/1539/1539730-yuukan.org	https://kotoba.wangpeifeng.com/jlpt-n2-vocabulary
Kotoba N2 259	養護	ようご	1605847	entries/1605/1605847-yougo.org	https://kotoba.wangpeifeng.com/jlpt-n2-vocabulary
Kotoba N2 336	埋める	うずめる	1524490	entries/1524/1524490-uzumeru.org	https://kotoba.wangpeifeng.com/jlpt-n2-vocabulary
Kotoba N2 444	火口	ひぐち	1724250	entries/1724/1724250-higuchi.org	https://kotoba.wangpeifeng.com/jlpt-n2-vocabulary
Kotoba N2 468	仮名	かめい	1577090	entries/1577/1577090-kamei.org	https://kotoba.wangpeifeng.com/jlpt-n2-vocabulary
Kotoba N2 1195	何分	なんぷん	1189320	entries/1189/1189320-nanpun.org	https://kotoba.wangpeifeng.com/jlpt-n2-vocabulary
Kotoba N2 1205	二次	にじ	1461870	entries/1461/1461870-niji.org	https://kotoba.wangpeifeng.com/jlpt-n2-vocabulary
Kotoba N2 1273	閥	ばつ	1478310	entries/1478/1478310-batsu.org	https://kotoba.wangpeifeng.com/jlpt-n2-vocabulary
Kotoba N2 1275	万年	まんねん	1526310	entries/1526/1526310-mannen.org	https://kotoba.wangpeifeng.com/jlpt-n2-vocabulary
Kotoba N2 1489	蒸かす	ふかす	1356850	entries/1356/1356850-fukasu.org	https://kotoba.wangpeifeng.com/jlpt-n2-vocabulary
Kotoba N2 1508	目下	もっか	1535330	entries/1535/1535330-mokka.org	https://kotoba.wangpeifeng.com/jlpt-n2-vocabulary
Kotoba N2 1564	幼子	おさなご	1545150	entries/1545/1545150-osanago.org	https://kotoba.wangpeifeng.com/jlpt-n2-vocabulary
