batch	source_order	written	reading	jmdict_id	entry_path	source_revision	source_url
1	4	愛憎	あいぞう	1575670	entries/1575/1575670-aizou.org	84094074	https://en.wiktionary.org/w/index.php?title=Appendix:JLPT/N1&oldid=84094074
1	11	亜科	あか	1149680	entries/1149/1149680-aka.org	84094074	https://en.wiktionary.org/w/index.php?title=Appendix:JLPT/N1&oldid=84094074
1	98	域外	いきがい	1160500	entries/1160/1160500-ikigai.org	84094074	https://en.wiktionary.org/w/index.php?title=Appendix:JLPT/N1&oldid=84094074
1	130	一部	いちぶ	1166180	entries/1166/1166180-ichibu.org	84094074	https://en.wiktionary.org/w/index.php?title=Appendix:JLPT/N1&oldid=84094074
1	145	異動	いどう	1157970	entries/1157/1157970-idou.org	84094074	https://en.wiktionary.org/w/index.php?title=Appendix:JLPT/N1&oldid=84094074
1	281	お祖父さん	おじいさん	1002320	entries/1002/1002320-ojiisan.org	84094074	https://en.wiktionary.org/w/index.php?title=Appendix:JLPT/N1&oldid=84094074
1	310	お襁褓	おむつ	1270830	entries/1270/1270830-omutsu.org	84094074	https://en.wiktionary.org/w/index.php?title=Appendix:JLPT/N1&oldid=84094074
1	335	下位	かい	1184480	entries/1184/1184480-kai.org	84094074	https://en.wiktionary.org/w/index.php?title=Appendix:JLPT/N1&oldid=84094074
1	410	過多	かた	1196230	entries/1196/1196230-kata.org	84094074	https://en.wiktionary.org/w/index.php?title=Appendix:JLPT/N1&oldid=84094074
1	412	片思い	かたおもい	1590350	entries/1590/1590350-kataomoi.org	84094074	https://en.wiktionary.org/w/index.php?title=Appendix:JLPT/N1&oldid=84094074
2	415	片付け	かたづけ	1511780	entries/1511/1511780-katazuke.org	84094074	https://en.wiktionary.org/w/index.php?title=Appendix:JLPT/N1&oldid=84094074
2	434	華美	かび	1195610	entries/1195/1195610-kabi.org	84094074	https://en.wiktionary.org/w/index.php?title=Appendix:JLPT/N1&oldid=84094074
2	437	気触れる	かぶれる	1222350	entries/1222/1222350-kabureru.org	84094074	https://en.wiktionary.org/w/index.php?title=Appendix:JLPT/N1&oldid=84094074
2	441	加味	かみ	1190570	entries/1190/1190570-kami.org	84094074	https://en.wiktionary.org/w/index.php?title=Appendix:JLPT/N1&oldid=84094074
2	460	感慨	かんがい	1212310	entries/1212/1212310-kangai.org	84094074	https://en.wiktionary.org/w/index.php?title=Appendix:JLPT/N1&oldid=84094074
2	463	刊行	かんこう	1210570	entries/1210/1210570-kankou.org	84094074	https://en.wiktionary.org/w/index.php?title=Appendix:JLPT/N1&oldid=84094074
2	464	慣行	かんこう	1212680	entries/1212/1212680-kankou.org	84094074	https://en.wiktionary.org/w/index.php?title=Appendix:JLPT/N1&oldid=84094074
2	475	歓声	かんせい	1213000	entries/1213/1213000-kansei.org	84094074	https://en.wiktionary.org/w/index.php?title=Appendix:JLPT/N1&oldid=84094074
2	535	季刊	きかん	1222810	entries/1222/1222810-kikan.org	84094074	https://en.wiktionary.org/w/index.php?title=Appendix:JLPT/N1&oldid=84094074
2	536	器官	きかん	1218910	entries/1218/1218910-kikan.org	84094074	https://en.wiktionary.org/w/index.php?title=Appendix:JLPT/N1&oldid=84094074
3	547	機構	きこう	1220940	entries/1220/1220940-kikou.org	84094074	https://en.wiktionary.org/w/index.php?title=Appendix:JLPT/N1&oldid=84094074
3	554	奇数	きすう	1219410	entries/1219/1219410-kisuu.org	84094074	https://en.wiktionary.org/w/index.php?title=Appendix:JLPT/N1&oldid=84094074
3	566	喫茶	きっさ	1226430	entries/1226/1226430-kissa.org	84094074	https://en.wiktionary.org/w/index.php?title=Appendix:JLPT/N1&oldid=84094074
3	601	教員	きょういん	1236980	entries/1236/1236980-kyouin.org	84094074	https://en.wiktionary.org/w/index.php?title=Appendix:JLPT/N1&oldid=84094074
3	606	協議	きょうぎ	1235570	entries/1235/1235570-kyougi.org	84094074	https://en.wiktionary.org/w/index.php?title=Appendix:JLPT/N1&oldid=84094074
3	610	共産	きょうさん	1234430	entries/1234/1234430-kyousan.org	84094074	https://en.wiktionary.org/w/index.php?title=Appendix:JLPT/N1&oldid=84094074
3	615	享受	きょうじゅ	1233280	entries/1233/1233280-kyouju.org	84094074	https://en.wiktionary.org/w/index.php?title=Appendix:JLPT/N1&oldid=84094074
3	635	気楽	きらく	1222010	entries/1222/1222010-kiraku.org	84094074	https://en.wiktionary.org/w/index.php?title=Appendix:JLPT/N1&oldid=84094074
3	647	近視	きんし	1242320	entries/1242/1242320-kinshi.org	84094074	https://en.wiktionary.org/w/index.php?title=Appendix:JLPT/N1&oldid=84094074
3	699	倶楽部	クラブ	1243910	entries/1243/1243910-kurabu.org	84094074	https://en.wiktionary.org/w/index.php?title=Appendix:JLPT/N1&oldid=84094074
4	719	計器	けいき	1252130	entries/1252/1252130-keiki.org	84094074	https://en.wiktionary.org/w/index.php?title=Appendix:JLPT/N1&oldid=84094074
4	728	携帯	けいたい	1250680	entries/1250/1250680-keitai.org	84094074	https://en.wiktionary.org/w/index.php?title=Appendix:JLPT/N1&oldid=84094074
4	741	決行	けっこう	1254250	entries/1254/1254250-kekkou.org	84094074	https://en.wiktionary.org/w/index.php?title=Appendix:JLPT/N1&oldid=84094074
4	804	交易	こうえき	1271710	entries/1271/1271710-koueki.org	84094074	https://en.wiktionary.org/w/index.php?title=Appendix:JLPT/N1&oldid=84094074
4	805	公演	こうえん	1273280	entries/1273/1273280-kouen.org	84094074	https://en.wiktionary.org/w/index.php?title=Appendix:JLPT/N1&oldid=84094074
4	807	航海	こうかい	1281250	entries/1281/1281250-koukai.org	84094074	https://en.wiktionary.org/w/index.php?title=Appendix:JLPT/N1&oldid=84094074
4	846	降伏	こうふく	1282940	entries/1282/1282940-koufuku.org	84094074	https://en.wiktionary.org/w/index.php?title=Appendix:JLPT/N1&oldid=84094074
4	876	故人	こじん	1267190	entries/1267/1267190-kojin.org	84094074	https://en.wiktionary.org/w/index.php?title=Appendix:JLPT/N1&oldid=84094074
4	880	小銭	こぜに	1348470	entries/1348/1348470-kozeni.org	84094074	https://en.wiktionary.org/w/index.php?title=Appendix:JLPT/N1&oldid=84094074
4	893	言伝	ことづて	1264510	entries/1264/1264510-kotozute.org	84094074	https://en.wiktionary.org/w/index.php?title=Appendix:JLPT/N1&oldid=84094074
5	932	語句	ごく	1271060	entries/1271/1271060-goku.org	84094074	https://en.wiktionary.org/w/index.php?title=Appendix:JLPT/N1&oldid=84094074
5	941	差異	さい	1291340	entries/1291/1291340-sai.org	84094074	https://en.wiktionary.org/w/index.php?title=Appendix:JLPT/N1&oldid=84094074
5	952	採集	さいしゅう	1294810	entries/1294/1294810-saishuu.org	84094074	https://en.wiktionary.org/w/index.php?title=Appendix:JLPT/N1&oldid=84094074
5	986	些事	さじ	1593790	entries/1593/1593790-saji.org	84094074	https://en.wiktionary.org/w/index.php?title=Appendix:JLPT/N1&oldid=84094074
5	1051	市街	しがい	1308190	entries/1308/1308190-shigai.org	84094074	https://en.wiktionary.org/w/index.php?title=Appendix:JLPT/N1&oldid=84094074
5	1052	指揮	しき	1309700	entries/1309/1309700-shiki.org	84094074	https://en.wiktionary.org/w/index.php?title=Appendix:JLPT/N1&oldid=84094074
5	1104	仕舞い	しまい	1594530	entries/1594/1594530-shimai.org	84094074	https://en.wiktionary.org/w/index.php?title=Appendix:JLPT/N1&oldid=84094074
5	1113	吃逆	しゃっくり	1005650	entries/1005/1005650-shakkuri.org	84094074	https://en.wiktionary.org/w/index.php?title=Appendix:JLPT/N1&oldid=84094074
5	1131	修飾	しゅうしょく	1332070	entries/1332/1332070-shuushoku.org	84094074	https://en.wiktionary.org/w/index.php?title=Appendix:JLPT/N1&oldid=84094074
5	1183	照明	しょうめい	1350990	entries/1350/1350990-shoumei.org	84094074	https://en.wiktionary.org/w/index.php?title=Appendix:JLPT/N1&oldid=84094074
6	1205	仕様	しよう	1305500	entries/1305/1305500-shiyou.org	84094074	https://en.wiktionary.org/w/index.php?title=Appendix:JLPT/N1&oldid=84094074
6	1206	私用	しよう	1311410	entries/1311/1311410-shiyou.org	84094074	https://en.wiktionary.org/w/index.php?title=Appendix:JLPT/N1&oldid=84094074
6	1219	振興	しんこう	1361380	entries/1361/1361380-shinkou.org	84094074	https://en.wiktionary.org/w/index.php?title=Appendix:JLPT/N1&oldid=84094074
6	1220	新興	しんこう	1361750	entries/1361/1361750-shinkou.org	84094074	https://en.wiktionary.org/w/index.php?title=Appendix:JLPT/N1&oldid=84094074
6	1221	申告	しんこく	1363100	entries/1363/1363100-shinkoku.org	84094074	https://en.wiktionary.org/w/index.php?title=Appendix:JLPT/N1&oldid=84094074
6	1241	真理	しんり	1364400	entries/1364/1364400-shinri.org	84094074	https://en.wiktionary.org/w/index.php?title=Appendix:JLPT/N1&oldid=84094074
6	1251	磁器	じき	1316980	entries/1316/1316980-jiki.org	84094074	https://en.wiktionary.org/w/index.php?title=Appendix:JLPT/N1&oldid=84094074
6	1254	自己	じこ	1317580	entries/1317/1317580-jiko.org	84094074	https://en.wiktionary.org/w/index.php?title=Appendix:JLPT/N1&oldid=84094074
6	1263	自信	じしん	1317970	entries/1317/1317970-jishin.org	84094074	https://en.wiktionary.org/w/index.php?title=Appendix:JLPT/N1&oldid=84094074
6	1267	字体	じたい	1315200	entries/1315/1315200-jitai.org	84094074	https://en.wiktionary.org/w/index.php?title=Appendix:JLPT/N1&oldid=84094074
7	1276	実情	じつじょう	1595260	entries/1595/1595260-jitsujou.org	84094074	https://en.wiktionary.org/w/index.php?title=Appendix:JLPT/N1&oldid=84094074
7	1278	自動詞	じどうし	1318390	entries/1318/1318390-jidoushi.org	84094074	https://en.wiktionary.org/w/index.php?title=Appendix:JLPT/N1&oldid=84094074
7	1323	女子	じょし	1345140	entries/1345/1345140-joshi.org	84094074	https://en.wiktionary.org/w/index.php?title=Appendix:JLPT/N1&oldid=84094074
7	1324	女史	じょし	1345130	entries/1345/1345130-joshi.org	84094074	https://en.wiktionary.org/w/index.php?title=Appendix:JLPT/N1&oldid=84094074
7	1325	助詞	じょし	1344630	entries/1344/1344630-joshi.org	84094074	https://en.wiktionary.org/w/index.php?title=Appendix:JLPT/N1&oldid=84094074
7	1334	水洗	すいせん	1371760	entries/1371/1371760-suisen.org	84094074	https://en.wiktionary.org/w/index.php?title=Appendix:JLPT/N1&oldid=84094074
7	1383	正規	せいき	1376850	entries/1376/1376850-seiki.org	84094074	https://en.wiktionary.org/w/index.php?title=Appendix:JLPT/N1&oldid=84094074
7	1387	精巧	せいこう	1379900	entries/1379/1379900-seikou.org	84094074	https://en.wiktionary.org/w/index.php?title=Appendix:JLPT/N1&oldid=84094074
7	1407	成年	せいねん	1375830	entries/1375/1375830-seinen.org	84094074	https://en.wiktionary.org/w/index.php?title=Appendix:JLPT/N1&oldid=84094074
7	1412	姓名	せいめい	1375210	entries/1375/1375210-seimei.org	84094074	https://en.wiktionary.org/w/index.php?title=Appendix:JLPT/N1&oldid=84094074
8	1413	声明	せいめい	1380540	entries/1380/1380540-seimei.org	84094074	https://en.wiktionary.org/w/index.php?title=Appendix:JLPT/N1&oldid=84094074
8	1415	生理	せいり	1379580	entries/1379/1379580-seiri.org	84094074	https://en.wiktionary.org/w/index.php?title=Appendix:JLPT/N1&oldid=84094074
8	1444	選考	せんこう	1392240	entries/1392/1392240-senkou.org	84094074	https://en.wiktionary.org/w/index.php?title=Appendix:JLPT/N1&oldid=84094074
8	1528	他意	たい	1406940	entries/1406/1406940-tai.org	84094074	https://en.wiktionary.org/w/index.php?title=Appendix:JLPT/N1&oldid=84094074
8	1549	対辺	たいへん	1655340	entries/1655/1655340-taihen.org	84094074	https://en.wiktionary.org/w/index.php?title=Appendix:JLPT/N1&oldid=84094074
8	1580	仮令	たとえ	1597125	entries/1597/1597125-tatoe.org	84094074	https://en.wiktionary.org/w/index.php?title=Appendix:JLPT/N1&oldid=84094074
8	1733	辻褄	つじつま	1433730	entries/1433/1433730-tsujitsuma.org	84094074	https://en.wiktionary.org/w/index.php?title=Appendix:JLPT/N1&oldid=84094074
8	1786	鉄片	てっぺん	1779480	entries/1779/1779480-teppen.org	84094074	https://en.wiktionary.org/w/index.php?title=Appendix:JLPT/N1&oldid=84094074
8	1796	点火	てんか	1441440	entries/1441/1441440-tenka.org	84094074	https://en.wiktionary.org/w/index.php?title=Appendix:JLPT/N1&oldid=84094074
8	1802	転校	てんこう	1441140	entries/1441/1441140-tenkou.org	84094074	https://en.wiktionary.org/w/index.php?title=Appendix:JLPT/N1&oldid=84094074
9	1928	同志	どうし	1452410	entries/1452/1452410-doushi.org	84094074	https://en.wiktionary.org/w/index.php?title=Appendix:JLPT/N1&oldid=84094074
9	1940	読者	どくしゃ	1456400	entries/1456/1456400-dokusha.org	84094074	https://en.wiktionary.org/w/index.php?title=Appendix:JLPT/N1&oldid=84094074
9	2012	面皰	にきび	1533600	entries/1533/1533600-nikibi.org	84094074	https://en.wiktionary.org/w/index.php?title=Appendix:JLPT/N1&oldid=84094074
9	2021	日当	にっとう	1464310	entries/1464/1464310-nittou.org	84094074	https://en.wiktionary.org/w/index.php?title=Appendix:JLPT/N1&oldid=84094074
9	2034	人情	にんじょう	1368180	entries/1368/1368180-ninjou.org	84094074	https://en.wiktionary.org/w/index.php?title=Appendix:JLPT/N1&oldid=84094074
9	2058	年鑑	ねんかん	1468370	entries/1468/1468370-nenkan.org	84094074	https://en.wiktionary.org/w/index.php?title=Appendix:JLPT/N1&oldid=84094074
9	2181	番目	ばんめ	1482410	entries/1482/1482410-banme.org	84094074	https://en.wiktionary.org/w/index.php?title=Appendix:JLPT/N1&oldid=84094074
9	2202	非行	ひこう	1484870	entries/1484/1484870-hikou.org	84094074	https://en.wiktionary.org/w/index.php?title=Appendix:JLPT/N1&oldid=84094074
9	2219	一頃	ひところ	1162570	entries/1162/1162570-hitokoro.org	84094074	https://en.wiktionary.org/w/index.php?title=Appendix:JLPT/N1&oldid=84094074
9	2221	一目	ひとめ	1166950	entries/1166/1166950-hitome.org	84094074	https://en.wiktionary.org/w/index.php?title=Appendix:JLPT/N1&oldid=84094074
10	2222	日取り	ひどり	1464140	entries/1464/1464140-hidori.org	84094074	https://en.wiktionary.org/w/index.php?title=Appendix:JLPT/N1&oldid=84094074
10	2223	日向	ひなた	1464050	entries/1464/1464050-hinata.org	84094074	https://en.wiktionary.org/w/index.php?title=Appendix:JLPT/N1&oldid=84094074
10	2226	火花	ひばな	1193760	entries/1193/1193760-hibana.org	84094074	https://en.wiktionary.org/w/index.php?title=Appendix:JLPT/N1&oldid=84094074
10	2228	悲鳴	ひめい	1483350	entries/1483/1483350-himei.org	84094074	https://en.wiktionary.org/w/index.php?title=Appendix:JLPT/N1&oldid=84094074
10	2231	標語	ひょうご	1488680	entries/1488/1488680-hyougo.org	84094074	https://en.wiktionary.org/w/index.php?title=Appendix:JLPT/N1&oldid=84094074
10	2250	描写	びょうしゃ	1490140	entries/1490/1490140-byousha.org	84094074	https://en.wiktionary.org/w/index.php?title=Appendix:JLPT/N1&oldid=84094074
10	2300	不憫	ふびん	1602810	entries/1602/1602810-fubin.org	84094074	https://en.wiktionary.org/w/index.php?title=Appendix:JLPT/N1&oldid=84094074
10	2381	宝器	ほうき	1748510	entries/1748/1748510-houki.org	84094074	https://en.wiktionary.org/w/index.php?title=Appendix:JLPT/N1&oldid=84094074
10	2425	保母	ほぼ	1603540	entries/1603/1603540-hobo.org	84094074	https://en.wiktionary.org/w/index.php?title=Appendix:JLPT/N1&oldid=84094074
10	2558	民主	みんしゅ	1528790	entries/1528/1528790-minshu.org	84094074	https://en.wiktionary.org/w/index.php?title=Appendix:JLPT/N1&oldid=84094074
