batch	source	source_order	written	reading	jmdict_id	entry_path	add_commit	source_url	source_sha256
1	TodayJLPT N1	15	暁	あかつき	1239280	entries/1239/1239280-akatsuki.org	ba62dd4d6fdb9b546a82a420e491cf174e4c976b	https://todayjlpt.com/en/vocabulary/n1?page=1	d1beeae7b22e6ce9ce16ee5d5157d7206cabad999dbd6c4d10d49d1ab6ba744e
1	TodayJLPT N1	19	灰汁	あく	1201960	entries/1201/1201960-aku.org	e89bc31b8e1fd2bdd7d41b7cc1dba5a05f5c5352	https://todayjlpt.com/en/vocabulary/n1?page=1	d1beeae7b22e6ce9ce16ee5d5157d7206cabad999dbd6c4d10d49d1ab6ba744e
1	TodayJLPT N1	99	案件	あんけん	1154830	entries/1154/1154830-anken.org	2fa257dee2cc7974c12dae446d8c8b3e052a27d1	https://todayjlpt.com/en/vocabulary/n1?page=3	7e1605fd59e8e9a70df0e204cabc616af5db929da8366e6af19a1e4008679590
1	TodayJLPT N1	106	杏	あんず	1586930	entries/1586/1586930-anzu.org	89386899b8a4c9662199774c266528c36e9b6e58	https://todayjlpt.com/en/vocabulary/n1?page=3	7e1605fd59e8e9a70df0e204cabc616af5db929da8366e6af19a1e4008679590
1	TodayJLPT N1	111	伊	い	2252790	entries/2252/2252790-i.org	262034657112d85fc1b8f9f703a08efd9b16f7e6	https://todayjlpt.com/en/vocabulary/n1?page=3	7e1605fd59e8e9a70df0e204cabc616af5db929da8366e6af19a1e4008679590
1	TodayJLPT N1	112	医	い	1159710	entries/1159/1159710-i.org	744a44778d8b8b072fef773b509b67d6d0fc887c	https://todayjlpt.com/en/vocabulary/n1?page=3	7e1605fd59e8e9a70df0e204cabc616af5db929da8366e6af19a1e4008679590
1	TodayJLPT N1	130	戦	いくさ	1587140	entries/1587/1587140-ikusa.org	d44a1aacd3ca05ad2921e2f85cc3c9a20221db62	https://todayjlpt.com/en/vocabulary/n1?page=4	7c8915d3a987fe4d2a3c047126a072cdae12f4b4d7379ef05b147e6048177fc1
1	TodayJLPT N1	160	頂	いただき	1430200	entries/1430/1430200-itadaki.org	624d7f69c7245e6832b5c2d63238be023ab4d9e2	https://todayjlpt.com/en/vocabulary/n1?page=4	7c8915d3a987fe4d2a3c047126a072cdae12f4b4d7379ef05b147e6048177fc1
1	TodayJLPT N1	183	佚	いつ	1585390	entries/1585/1585390-itsu.org	e120a15d766438d733d7d9dc1b4d7effe95b7621	https://todayjlpt.com/en/vocabulary/n1?page=5	ef1607e916be3de735188b6df7117d6035756542f29f7661705f576d1e9de7de
1	TodayJLPT N1	210	古	いにしえ	1265040	entries/1265/1265040-inishie.org	3fbaf67d0ff3bf4b9fd6e691eba811cdddc01d81	https://todayjlpt.com/en/vocabulary/n1?page=6	1aad488c7ef54e53f2c0937a21100bd03788a8188fba74b227966a4414bb5df1
2	TodayJLPT N1	218	芋	いも	1167960	entries/1167/1167960-imo.org	4852e595a0fdbdb8f72d202524f6c075f0062a2b	https://todayjlpt.com/en/vocabulary/n1?page=6	1aad488c7ef54e53f2c0937a21100bd03788a8188fba74b227966a4414bb5df1
2	TodayJLPT N1	244	因縁	いんねん	1168670	entries/1168/1168670-innen.org	00920e53471f6331f4867d9d4a47897bca847c44	https://todayjlpt.com/en/vocabulary/n1?page=7	d1239d667b6ad910feaccd089dc7ef05360930c725d5bbb8390f4cc1bd1fd72e
2	TodayJLPT N1	250	含嗽	うがい	2797680	entries/2797/2797680-ugai.org	c28753bb836a977a5677bb500bcc55c70bf39db4	https://todayjlpt.com/en/vocabulary/n1?page=7	d1239d667b6ad910feaccd089dc7ef05360930c725d5bbb8390f4cc1bd1fd72e
2	TodayJLPT N1	262	宴	うたげ	1176310	entries/1176/1176310-utage.org	4d0bd7c7004055195442c5ee9a56116ac54826a3	https://todayjlpt.com/en/vocabulary/n1?page=7	d1239d667b6ad910feaccd089dc7ef05360930c725d5bbb8390f4cc1bd1fd72e
2	TodayJLPT N1	269	内輪	うちわ	1459540	entries/1459/1459540-uchiwa.org	8625d1064a0aa459c92a96da7b185a7279109f38	https://todayjlpt.com/en/vocabulary/n1?page=7	d1239d667b6ad910feaccd089dc7ef05360930c725d5bbb8390f4cc1bd1fd72e
2	TodayJLPT N1	293	潤い	うるおい	1341780	entries/1341/1341780-uruoi.org	9cb13480d56fd7ddc785c1bb3a6630aa94e8838d	https://todayjlpt.com/en/vocabulary/n1?page=8	4a7c1a0614beaab083bfb991a51112d56b63ea736cde055eb5ca6c7da1266814
2	TodayJLPT N1	308	重	え	1335730	entries/1335/1335730-e.org	e191f4566f39a5d29f5a08cbe284af122f528e55	https://todayjlpt.com/en/vocabulary/n1?page=8	4a7c1a0614beaab083bfb991a51112d56b63ea736cde055eb5ca6c7da1266814
2	TodayJLPT N1	322	益	えき	1576560	entries/1576/1576560-eki.org	02d80a2a47a72e52bcbb85395097cb95d03a843c	https://todayjlpt.com/en/vocabulary/n1?page=9	cbecdd462d9a3e34e6623d67657bac1a7e3b2467ed1434b58536a59ac7e70bb4
2	TodayJLPT N1	331	園	えん	2854424	entries/2854/2854424-en.org	f7e202b87ff3024bb37df7cc616aef4b6ed8f3f1	https://todayjlpt.com/en/vocabulary/n1?page=9	cbecdd462d9a3e34e6623d67657bac1a7e3b2467ed1434b58536a59ac7e70bb4
2	TodayJLPT N1	352	緒	お	1343610	entries/1343/1343610-o.org	45a54af0f7de4a0870fdd434e07b8adbb799f311	https://todayjlpt.com/en/vocabulary/n1?page=9	cbecdd462d9a3e34e6623d67657bac1a7e3b2467ed1434b58536a59ac7e70bb4
3	TodayJLPT N1	363	往生	おうじょう	1179720	entries/1179/1179720-oujou.org	8a154ff4dacc65b5b5de947ea4f4d74032a5cdc0	https://todayjlpt.com/en/vocabulary/n1?page=10	6f545373613f6d62b0aecaf1bbc34551011434be16dc9afdb3afed4c8441454e
3	TodayJLPT N1	371	往来	おうらい	1179790	entries/1179/1179790-ourai.org	0d892ba028aeac40736d37cb3c595abcc8b4c354	https://todayjlpt.com/en/vocabulary/n1?page=10	6f545373613f6d62b0aecaf1bbc34551011434be16dc9afdb3afed4c8441454e
3	TodayJLPT N1	395	長	おさ	2647190	entries/2647/2647190-osa.org	1412555f05480097ec34ee87b8088dbc6454f925	https://todayjlpt.com/en/vocabulary/n1?page=10	6f545373613f6d62b0aecaf1bbc34551011434be16dc9afdb3afed4c8441454e
3	TodayJLPT N1	405	推す	おす	1371070	entries/1371/1371070-osu.org	771b9b9fe9daef397ccc2cca72e7c4a926296d7a	https://todayjlpt.com/en/vocabulary/n1?page=11	bf022b093eaa484018683146210eefbc2b7441636595bb6f37590f67dbe7c4a4
3	TodayJLPT N1	413	陥る	おちいる	1216120	entries/1216/1216120-ochiiru.org	0cdf958891ba3c5a698ef2ec60a66067355ce5ad	https://todayjlpt.com/en/vocabulary/n1?page=11	bf022b093eaa484018683146210eefbc2b7441636595bb6f37590f67dbe7c4a4
3	TodayJLPT N1	420	おっかない	おっかない	1001330	entries/1001/1001330-okkanai.org	940616a2dfee57510781dd3543924cbd4ccb30d8	https://todayjlpt.com/en/vocabulary/n1?page=11	bf022b093eaa484018683146210eefbc2b7441636595bb6f37590f67dbe7c4a4
3	TodayJLPT N1	430	己	おのれ	1266890	entries/1266/1266890-onore.org	43810f957593c18df1f0105fe4341355dccb95a8	https://todayjlpt.com/en/vocabulary/n1?page=11	bf022b093eaa484018683146210eefbc2b7441636595bb6f37590f67dbe7c4a4
3	TodayJLPT N1	445	思惑	おもわく	1309630	entries/1309/1309630-omowaku.org	02b4d58e42829dd3b5f981bdf8f029f13b5c3f14	https://todayjlpt.com/en/vocabulary/n1?page=12	73c03e4a13bfc763f8b1fe4faed8bf01803315372db51892e4a3beb46712f166
3	TodayJLPT N1	474	階	かい	1203020	entries/1203/1203020-kai.org	5c1f7fe96e2a477ad3861f80f3729003da1a2987	https://todayjlpt.com/en/vocabulary/n1?page=12	73c03e4a13bfc763f8b1fe4faed8bf01803315372db51892e4a3beb46712f166
3	TodayJLPT N1	488	蚕	かいこ	1304000	entries/1304/1304000-kaiko.org	8d71693ec1f93083129a22d69dea4a47d6531e3e	https://todayjlpt.com/en/vocabulary/n1?page=13	3feada0fb39bf3268cd8c1b3a210684b6c7b27b901cbe0f2400d514c981591be
4	TodayJLPT N1	546	垣	かき	1204780	entries/1204/1204780-kaki.org	510721d3a19c238426d54bc6cbdbe61bc047ce51	https://todayjlpt.com/en/vocabulary/n1?page=14	cd972a577c1fb4195a3f2fcff9c35fcf086d33aef49b86ba020b6459a8eb796f
4	TodayJLPT N1	575	掛け	かけ	1207600	entries/1207/1207600-kake.org	c23b4f4dfe3a7dfbcc2e318b34006526b20692a8	https://todayjlpt.com/en/vocabulary/n1?page=15	f27c833a66571e15d36986e8844eb3eb60e21085d89df6595fd14ae61746dfb2
4	TodayJLPT N1	625	カット	カット	1037630	entries/1037/1037630-katto.org	068da63f6a3214a06bbc1d55a03f147b9df61dce	https://todayjlpt.com/en/vocabulary/n1?page=16	c6205e00cb0936db92e1ff0c4b87f966d4b248a3e2738b26853765c7d9628c5c
4	TodayJLPT N1	631	哉	かな	1579220	entries/1579/1579220-kana.org	d2d45159b9ad0c9642bf03bdef99f41018034ecc	https://todayjlpt.com/en/vocabulary/n1?page=16	c6205e00cb0936db92e1ff0c4b87f966d4b248a3e2738b26853765c7d9628c5c
4	TodayJLPT N1	653	鎌	かま	1632980	entries/1632/1632980-kama.org	cb1385a44a50fe1f7d2342058529c9d0e9d883ac	https://todayjlpt.com/en/vocabulary/n1?page=17	18f2a4be8ebcb3d1c1b8adec5623423b47a9b6b2f5fba34897b99e7565979a44
4	TodayJLPT N1	654	構え	かまえ	1279690	entries/1279/1279690-kamae.org	102186b252b1a1ccf406bb1f152bacbb067c94e8	https://todayjlpt.com/en/vocabulary/n1?page=17	18f2a4be8ebcb3d1c1b8adec5623423b47a9b6b2f5fba34897b99e7565979a44
4	TodayJLPT N1	659	亀	かめ	1224260	entries/1224/1224260-kame.org	23e1bab82d97c6deec3bc60d97bdae00c521dba9	https://todayjlpt.com/en/vocabulary/n1?page=17	18f2a4be8ebcb3d1c1b8adec5623423b47a9b6b2f5fba34897b99e7565979a44
4	TodayJLPT N1	733	貫通	かんつう	1215080	entries/1215/1215080-kantsuu.org	1d19aaaa262a59cf7f2e3a12a3582209b0d84105	https://todayjlpt.com/en/vocabulary/n1?page=19	b2a2c4800863045b12034cf099febcc8f1715f494078afd66e44d65a22fa3501
4	TodayJLPT N1	744	岸壁	がんぺき	1217050	entries/1217/1217050-ganpeki.org	0b7ab0caad406c5817d36e2a6138bd6d22f14f54	https://todayjlpt.com/en/vocabulary/n1?page=19	b2a2c4800863045b12034cf099febcc8f1715f494078afd66e44d65a22fa3501
4	TodayJLPT N1	746	干満	かんまん	1212100	entries/1212/1212100-kanman.org	2287adb02192995e10d90a503741869c34846c0a	https://todayjlpt.com/en/vocabulary/n1?page=19	b2a2c4800863045b12034cf099febcc8f1715f494078afd66e44d65a22fa3501
5	TodayJLPT N1	747	緩慢	かんまん	1214520	entries/1214/1214520-kanman.org	1fbd906de287dcc2db563281682091fd0a5f6c4f	https://todayjlpt.com/en/vocabulary/n1?page=19	b2a2c4800863045b12034cf099febcc8f1715f494078afd66e44d65a22fa3501
5	TodayJLPT N1	750	喚問	かんもん	1211290	entries/1211/1211290-kanmon.org	fa2933dd483c3ef9b36d4f11299412a4c239dc5c	https://todayjlpt.com/en/vocabulary/n1?page=19	b2a2c4800863045b12034cf099febcc8f1715f494078afd66e44d65a22fa3501
5	TodayJLPT N1	754	慣用	かんよう	1212720	entries/1212/1212720-kanyou.org	2ea90ee6a79116c18d4b5f8778e60bd896ec8e5f	https://todayjlpt.com/en/vocabulary/n1?page=19	b2a2c4800863045b12034cf099febcc8f1715f494078afd66e44d65a22fa3501
5	TodayJLPT N1	755	肝要	かんよう	1214680	entries/1214/1214680-kanyou.org	d111de47a7341652b58b4095d18f3ca40c0a657c	https://todayjlpt.com/en/vocabulary/n1?page=19	b2a2c4800863045b12034cf099febcc8f1715f494078afd66e44d65a22fa3501
5	TodayJLPT N1	757	陥落	かんらく	1216150	entries/1216/1216150-kanraku.org	93640dd9a47e8ecd80f29617667e5f14ae06234b	https://todayjlpt.com/en/vocabulary/n1?page=19	b2a2c4800863045b12034cf099febcc8f1715f494078afd66e44d65a22fa3501
5	TodayJLPT N1	763	期	き	1220540	entries/1220/1220540-ki.org	307136dcb8257e6a23921e80b4e5c852995311c5	https://todayjlpt.com/en/vocabulary/n1?page=20	dca4267ebddfb9e0064c417936a3bdc713d51832d6dc22912711ee10c23ec992
5	TodayJLPT N1	765	奇異	きい	1219290	entries/1219/1219290-kii.org	52ee2a7bd1d52a429e56a3355c026a95d2286634	https://todayjlpt.com/en/vocabulary/n1?page=20	dca4267ebddfb9e0064c417936a3bdc713d51832d6dc22912711ee10c23ec992
5	TodayJLPT N1	766	飢餓	きが	1224090	entries/1224/1224090-kiga.org	5e3cc580ea2d48765258557bbee7a6fb2b2f9917	https://todayjlpt.com/en/vocabulary/n1?page=20	dca4267ebddfb9e0064c417936a3bdc713d51832d6dc22912711ee10c23ec992
5	TodayJLPT N1	768	奇怪	きかい	1219300	entries/1219/1219300-kikai.org	a47c8d72fb02c682adf0f4d55a5953f873ab9ab5	https://todayjlpt.com/en/vocabulary/n1?page=20	dca4267ebddfb9e0064c417936a3bdc713d51832d6dc22912711ee10c23ec992
5	TodayJLPT N1	774	帰還	きかん	1221300	entries/1221/1221300-kikan.org	d204bbb1a4881dcc6c5ed65c2e7bd5dffb662730	https://todayjlpt.com/en/vocabulary/n1?page=20	dca4267ebddfb9e0064c417936a3bdc713d51832d6dc22912711ee10c23ec992
6	TodayJLPT N1	782	菊	きく	1226210	entries/1226/1226210-kiku.org	bd81428ee98db36b3cbef0bd2684a0a00164b9db	https://todayjlpt.com/en/vocabulary/n1?page=20	dca4267ebddfb9e0064c417936a3bdc713d51832d6dc22912711ee10c23ec992
6	TodayJLPT N1	783	義兄	ぎけい	1225790	entries/1225/1225790-gikei.org	9fa6db1043ad4a8352bff6455a5a1f07981db507	https://todayjlpt.com/en/vocabulary/n1?page=20	dca4267ebddfb9e0064c417936a3bdc713d51832d6dc22912711ee10c23ec992
6	TodayJLPT N1	787	紀元	きげん	1222910	entries/1222/1222910-kigen.org	eb52489e42bd0d761b4ef57fba71c31d0d2480d2	https://todayjlpt.com/en/vocabulary/n1?page=20	dca4267ebddfb9e0064c417936a3bdc713d51832d6dc22912711ee10c23ec992
6	TodayJLPT N1	794	棋士	きし	1220640	entries/1220/1220640-kishi.org	8bcbd43ff709c6427df3eee678cfb6615f70ae98	https://todayjlpt.com/en/vocabulary/n1?page=20	dca4267ebddfb9e0064c417936a3bdc713d51832d6dc22912711ee10c23ec992
6	TodayJLPT N1	795	義姉	ぎし	1225800	entries/1225/1225800-gishi.org	7fe103ecc12a6c0acaa13646e5f6eea156096cd6	https://todayjlpt.com/en/vocabulary/n1?page=20	dca4267ebddfb9e0064c417936a3bdc713d51832d6dc22912711ee10c23ec992
6	TodayJLPT N1	801	騎手	きしゅ	1224140	entries/1224/1224140-kishu.org	e6d7dbccc2bcd34c9839c3e770997636b4154610	https://todayjlpt.com/en/vocabulary/n1?page=21	ed7b35b0c5e148b11fef99aa659269ce0a683aeff9627f283905268d9820d0ac
6	TodayJLPT N1	805	傷口	きずぐち	1345860	entries/1345/1345860-kizuguchi.org	8c947061a62230a78e6457677e6dbec26e58e678	https://todayjlpt.com/en/vocabulary/n1?page=21	ed7b35b0c5e148b11fef99aa659269ce0a683aeff9627f283905268d9820d0ac
6	TodayJLPT N1	809	気勢	きせい	1222370	entries/1222/1222370-kisei.org	4a6be666afe4c573fb4d89fca33d892a56eaeb1d	https://todayjlpt.com/en/vocabulary/n1?page=21	ed7b35b0c5e148b11fef99aa659269ce0a683aeff9627f283905268d9820d0ac
6	TodayJLPT N1	815	帰属	きぞく	1221420	entries/1221/1221420-kizoku.org	842531129a4d8aa4a868bc5831468065237fd44d	https://todayjlpt.com/en/vocabulary/n1?page=21	ed7b35b0c5e148b11fef99aa659269ce0a683aeff9627f283905268d9820d0ac
6	TodayJLPT N1	822	基調	きちょう	1219130	entries/1219/1219130-kichou.org	44e29ce2900d77be022d95b20cbaea093af7c713	https://todayjlpt.com/en/vocabulary/n1?page=21	ed7b35b0c5e148b11fef99aa659269ce0a683aeff9627f283905268d9820d0ac
7	TodayJLPT N1	828	吉報	きっぽう	1226320	entries/1226/1226320-kippou.org	47bcd7f7c8a3c8742ca633a8b1b8c52784569414	https://todayjlpt.com/en/vocabulary/n1?page=21	ed7b35b0c5e148b11fef99aa659269ce0a683aeff9627f283905268d9820d0ac
7	TodayJLPT N1	829	詰問	きつもん	1226570	entries/1226/1226570-kitsumon.org	5dd154dffd4c74f7045b4718f0675d31e6edf6e3	https://todayjlpt.com/en/vocabulary/n1?page=21	ed7b35b0c5e148b11fef99aa659269ce0a683aeff9627f283905268d9820d0ac
7	TodayJLPT N1	831	義弟	ぎてい	1225850	entries/1225/1225850-gitei.org	1471fa9fe780f1440c8eaadd7541630277dcf96b	https://todayjlpt.com/en/vocabulary/n1?page=21	ed7b35b0c5e148b11fef99aa659269ce0a683aeff9627f283905268d9820d0ac
7	TodayJLPT N1	832	汽笛	きてき	1222740	entries/1222/1222740-kiteki.org	3813df5b2578241bbc40e732b2ad96bf93c67c2e	https://todayjlpt.com/en/vocabulary/n1?page=21	ed7b35b0c5e148b11fef99aa659269ce0a683aeff9627f283905268d9820d0ac
7	TodayJLPT N1	834	企図	きと	1218310	entries/1218/1218310-kito.org	8aa68a56d973658f1d5953020e6d9a7fbf2de793	https://todayjlpt.com/en/vocabulary/n1?page=21	ed7b35b0c5e148b11fef99aa659269ce0a683aeff9627f283905268d9820d0ac
7	TodayJLPT N1	836	危篤	きとく	1218680	entries/1218/1218680-kitoku.org	0b540e23c25cae289ed20fcd9f8f609e65f3d117	https://todayjlpt.com/en/vocabulary/n1?page=21	ed7b35b0c5e148b11fef99aa659269ce0a683aeff9627f283905268d9820d0ac
7	TodayJLPT N1	838	希薄	きはく	1591380	entries/1591/1591380-kihaku.org	0c8dc0bb41ed6d8db3c64b56707ec657334d2d7a	https://todayjlpt.com/en/vocabulary/n1?page=21	ed7b35b0c5e148b11fef99aa659269ce0a683aeff9627f283905268d9820d0ac
7	TodayJLPT N1	839	気迫	きはく	1222520	entries/1222/1222520-kihaku.org	464080635527a028c04b1b60ad8b376b964760dc	https://todayjlpt.com/en/vocabulary/n1?page=21	ed7b35b0c5e148b11fef99aa659269ce0a683aeff9627f283905268d9820d0ac
7	TodayJLPT N1	840	奇抜	きばつ	1219460	entries/1219/1219460-kibatsu.org	ef8273d0d4541f2c6bed5ee141f48b84c6a9945c	https://todayjlpt.com/en/vocabulary/n1?page=21	ed7b35b0c5e148b11fef99aa659269ce0a683aeff9627f283905268d9820d0ac
7	TodayJLPT N1	841	揮発	きはつ	1220160	entries/1220/1220160-kihatsu.org	6476cd29f03b2406902b09435d9d641b40946b46	https://todayjlpt.com/en/vocabulary/n1?page=22	19e4581578a9cb563c0de6b9fb40e7d0a5c28141e8a52c0577eec8fa64198fd3
8	TodayJLPT N1	843	機敏	きびん	1221170	entries/1221/1221170-kibin.org	e295dade9c8bb419630a05980f218564be3a2f88	https://todayjlpt.com/en/vocabulary/n1?page=22	19e4581578a9cb563c0de6b9fb40e7d0a5c28141e8a52c0577eec8fa64198fd3
8	TodayJLPT N1	845	棋譜	きふ	1220650	entries/1220/1220650-kifu.org	dea90021978b4964c0f9e22957eabcfd9fad6e12	https://todayjlpt.com/en/vocabulary/n1?page=22	19e4581578a9cb563c0de6b9fb40e7d0a5c28141e8a52c0577eec8fa64198fd3
8	TodayJLPT N1	849	義母	ぎぼ	1225880	entries/1225/1225880-gibo.org	4b6fceab74eaf518da44b91b7d476610c56f5710	https://todayjlpt.com/en/vocabulary/n1?page=22	19e4581578a9cb563c0de6b9fb40e7d0a5c28141e8a52c0577eec8fa64198fd3
8	TodayJLPT N1	854	機密	きみつ	1221180	entries/1221/1221180-kimitsu.org	51ece00f6177515070dc80a5b171933dd3cb6623	https://todayjlpt.com/en/vocabulary/n1?page=22	19e4581578a9cb563c0de6b9fb40e7d0a5c28141e8a52c0577eec8fa64198fd3
8	TodayJLPT N1	857	虐殺	ぎゃくさつ	1226930	entries/1226/1226930-gyakusatsu.org	d8a4b748c96444c3f78ca0c7b58d93b7308c8d8d	https://todayjlpt.com/en/vocabulary/n1?page=22	19e4581578a9cb563c0de6b9fb40e7d0a5c28141e8a52c0577eec8fa64198fd3
8	TodayJLPT N1	858	逆襲	ぎゃくしゅう	1227090	entries/1227/1227090-gyakushuu.org	dade5d08bb575cd36c2976f9b004ed0f62067a3b	https://todayjlpt.com/en/vocabulary/n1?page=22	19e4581578a9cb563c0de6b9fb40e7d0a5c28141e8a52c0577eec8fa64198fd3
8	TodayJLPT N1	860	逆説	ぎゃくせつ	1227140	entries/1227/1227140-gyakusetsu.org	bd05e87b45beb4c3fd43b0ceac7945a22a007ed4	https://todayjlpt.com/en/vocabulary/n1?page=22	19e4581578a9cb563c0de6b9fb40e7d0a5c28141e8a52c0577eec8fa64198fd3
8	TodayJLPT N1	861	虐待	ぎゃくたい	1226950	entries/1226/1226950-gyakutai.org	e27feb118d19cb8f33ef82aba8dfddad2aac5ade	https://todayjlpt.com/en/vocabulary/n1?page=22	19e4581578a9cb563c0de6b9fb40e7d0a5c28141e8a52c0577eec8fa64198fd3
8	TodayJLPT N1	878	急逝	きゅうせい	1228830	entries/1228/1228830-kyuusei.org	ad612d3cdac884c25f0505756038bfe0e75da958	https://todayjlpt.com/en/vocabulary/n1?page=22	19e4581578a9cb563c0de6b9fb40e7d0a5c28141e8a52c0577eec8fa64198fd3
8	TodayJLPT N1	880	窮地	きゅうち	1230100	entries/1230/1230100-kyuuchi.org	31660dc7c2a0c3bab67c94de4bf82dd420b82554	https://todayjlpt.com/en/vocabulary/n1?page=22	19e4581578a9cb563c0de6b9fb40e7d0a5c28141e8a52c0577eec8fa64198fd3
9	TodayJLPT N1	882	宮廷	きゅうてい	1228460	entries/1228/1228460-kyuutei.org	9fc914334f7462d7dfbdb9b3f6fbb1ed1afb9b01	https://todayjlpt.com/en/vocabulary/n1?page=23	9e1424f0f4ed18dad9e2b5671946b0443b896e821043ab11b7b77831c321b96a
9	TodayJLPT N1	885	急騰	きゅうとう	1228920	entries/1228/1228920-kyuutou.org	b78edb04d05795967a426b0ef8651ebdc4b1b629	https://todayjlpt.com/en/vocabulary/n1?page=23	9e1424f0f4ed18dad9e2b5671946b0443b896e821043ab11b7b77831c321b96a
9	TodayJLPT N1	887	救命	きゅうめい	1229270	entries/1229/1229270-kyuumei.org	78cc5fc9e33ca45bcf8c4fcdd41d6479c2cbf959	https://todayjlpt.com/en/vocabulary/n1?page=23	9e1424f0f4ed18dad9e2b5671946b0443b896e821043ab11b7b77831c321b96a
9	TodayJLPT N1	888	旧暦	きゅうれき	1231430	entries/1231/1231430-kyuureki.org	7805285754e916ce14d4a671dc407907c9f128e0	https://todayjlpt.com/en/vocabulary/n1?page=23	9e1424f0f4ed18dad9e2b5671946b0443b896e821043ab11b7b77831c321b96a
9	TodayJLPT N1	891	経	きょう	1956170	entries/1956/1956170-kyou.org	d68be0562074c0fc3c792cc40b40f09767b17bbc	https://todayjlpt.com/en/vocabulary/n1?page=23	9e1424f0f4ed18dad9e2b5671946b0443b896e821043ab11b7b77831c321b96a
9	TodayJLPT N1	892	行	ぎょう	1281690	entries/1281/1281690-gyou.org	ace18ecf1b992199dbce56a91d3afe858fb4f897	https://todayjlpt.com/en/vocabulary/n1?page=23	9e1424f0f4ed18dad9e2b5671946b0443b896e821043ab11b7b77831c321b96a
9	TodayJLPT N1	893	脅威	きょうい	1238090	entries/1238/1238090-kyoui.org	9df104bf009f863e2111857807fef2651f8fbace	https://todayjlpt.com/en/vocabulary/n1?page=23	9e1424f0f4ed18dad9e2b5671946b0443b896e821043ab11b7b77831c321b96a
9	TodayJLPT N1	901	狂気	きょうき	1237540	entries/1237/1237540-kyouki.org	631b4375898455eea011a93ea2e6afb08019dff7	https://todayjlpt.com/en/vocabulary/n1?page=23	9e1424f0f4ed18dad9e2b5671946b0443b896e821043ab11b7b77831c321b96a
9	TodayJLPT N1	904	強固	きょうこ	1591560	entries/1591/1591560-kyouko.org	fabae4b8b890df8ca0e1b1fe7663adf7aae9b2ed	https://todayjlpt.com/en/vocabulary/n1?page=23	9e1424f0f4ed18dad9e2b5671946b0443b896e821043ab11b7b77831c321b96a
9	TodayJLPT N1	910	凝視	ぎょうし	1239160	entries/1239/1239160-gyoushi.org	ab67619bb86a1cd2b2b76623bb42d074c5d8e2f2	https://todayjlpt.com/en/vocabulary/n1?page=23	9e1424f0f4ed18dad9e2b5671946b0443b896e821043ab11b7b77831c321b96a
10	TodayJLPT N1	919	矯正	きょうせい	1237800	entries/1237/1237800-kyousei.org	1b420fc105e1bad8d4e70737c216783a1f5cedcd	https://todayjlpt.com/en/vocabulary/n1?page=23	9e1424f0f4ed18dad9e2b5671946b0443b896e821043ab11b7b77831c321b96a
10	TodayJLPT N1	923	教団	きょうだん	1237260	entries/1237/1237260-kyoudan.org	423ede249c2f23754316c35657dee974ca8fce33	https://todayjlpt.com/en/vocabulary/n1?page=24	dc3c60058422ee61986597d4f4baf777e8d23233379cf8ab7257473daa16e7a9
10	TodayJLPT N1	925	胸中	きょうちゅう	1237950	entries/1237/1237950-kyouchuu.org	22b2c8d553e8e5413035d1f1387a401296a64b51	https://todayjlpt.com/en/vocabulary/n1?page=24	dc3c60058422ee61986597d4f4baf777e8d23233379cf8ab7257473daa16e7a9
10	TodayJLPT N1	928	競売	きょうばい	1234220	entries/1234/1234220-kyoubai.org	87ce14b0fddb6790bdca2fa98331513d9226c0f9	https://todayjlpt.com/en/vocabulary/n1?page=24	dc3c60058422ee61986597d4f4baf777e8d23233379cf8ab7257473daa16e7a9
10	TodayJLPT N1	935	巨額	きょがく	1231950	entries/1231/1231950-kyogaku.org	4464c7fb7ab2e6b2ef6f784a12c8be2c9e315469	https://todayjlpt.com/en/vocabulary/n1?page=24	dc3c60058422ee61986597d4f4baf777e8d23233379cf8ab7257473daa16e7a9
10	TodayJLPT N1	936	漁獲	ぎょかく	1232980	entries/1232/1232980-gyokaku.org	54125d9496f0adce7fd98e08bce210a996826a75	https://todayjlpt.com/en/vocabulary/n1?page=24	dc3c60058422ee61986597d4f4baf777e8d23233379cf8ab7257473daa16e7a9
10	TodayJLPT N1	937	虚偽	きょぎ	1232670	entries/1232/1232670-kyogi.org	8fe471704898462073a2f50bbfab3aea302278d5	https://todayjlpt.com/en/vocabulary/n1?page=24	dc3c60058422ee61986597d4f4baf777e8d23233379cf8ab7257473daa16e7a9
10	TodayJLPT N1	941	虚構	きょこう	1232710	entries/1232/1232710-kyokou.org	840035bc40cfa4913cadc7603e70eb6b0e643f80	https://todayjlpt.com/en/vocabulary/n1?page=24	dc3c60058422ee61986597d4f4baf777e8d23233379cf8ab7257473daa16e7a9
10	TodayJLPT N1	942	虚弱	きょじゃく	1232720	entries/1232/1232720-kyojaku.org	f4da1a128768212e696beb6c9fef9d83c6c60f91	https://todayjlpt.com/en/vocabulary/n1?page=24	dc3c60058422ee61986597d4f4baf777e8d23233379cf8ab7257473daa16e7a9
10	TodayJLPT N1	944	巨匠	きょしょう	1232060	entries/1232/1232060-kyoshou.org	f36297d3ee2b81d77daaffc8fa1060b30bbdc86a	https://todayjlpt.com/en/vocabulary/n1?page=24	dc3c60058422ee61986597d4f4baf777e8d23233379cf8ab7257473daa16e7a9
11	TodayJLPT N1	948	許諾	きょだく	1232900	entries/1232/1232900-kyodaku.org	500c881e0796f54bfa79e9dd23ea22a90beb1c4b	https://todayjlpt.com/en/vocabulary/n1?page=24	dc3c60058422ee61986597d4f4baf777e8d23233379cf8ab7257473daa16e7a9
11	TodayJLPT N1	952	魚雷	ぎょらい	1233200	entries/1233/1233200-gyorai.org	2ec027075ee9f7da145897aa86683b9423f8f94d	https://todayjlpt.com/en/vocabulary/n1?page=24	dc3c60058422ee61986597d4f4baf777e8d23233379cf8ab7257473daa16e7a9
11	TodayJLPT N1	966	金塊	きんかい	1242690	entries/1242/1242690-kinkai.org	9f3a1d6581e10746565b9d221c0868a85346b8e5	https://todayjlpt.com/en/vocabulary/n1?page=25	85cdb6d1fea45ea82e7eb005cff1785327bf9ebdc3441ee42683f50b94f4cfca
11	TodayJLPT N1	969	僅々	きんきん	1592000	entries/1592/1592000-kinkin.org	b7fae010938a16d8f66498a8d74616d7b9ef6aec	https://todayjlpt.com/en/vocabulary/n1?page=25	85cdb6d1fea45ea82e7eb005cff1785327bf9ebdc3441ee42683f50b94f4cfca
11	TodayJLPT N1	974	均整	きんせい	1241300	entries/1241/1241300-kinsei.org	9b4312adfd5903aed193fc42d4c2e902704ab707	https://todayjlpt.com/en/vocabulary/n1?page=25	85cdb6d1fea45ea82e7eb005cff1785327bf9ebdc3441ee42683f50b94f4cfca
11	TodayJLPT N1	975	緊迫	きんぱく	1241890	entries/1241/1241890-kinpaku.org	4595abf25ed190eebba3bd7586321f31f37773b1	https://todayjlpt.com/en/vocabulary/n1?page=25	85cdb6d1fea45ea82e7eb005cff1785327bf9ebdc3441ee42683f50b94f4cfca
11	TodayJLPT N1	978	緊密	きんみつ	1241910	entries/1241/1241910-kinmitsu.org	0cf571679313a5711bf95e0cd2ec8ebd7bd98623	https://todayjlpt.com/en/vocabulary/n1?page=25	85cdb6d1fea45ea82e7eb005cff1785327bf9ebdc3441ee42683f50b94f4cfca
11	TodayJLPT N1	981	近隣	きんりん	1242570	entries/1242/1242570-kinrin.org	f49a61d77b71d0cfb00788ba12402589d570248c	https://todayjlpt.com/en/vocabulary/n1?page=25	85cdb6d1fea45ea82e7eb005cff1785327bf9ebdc3441ee42683f50b94f4cfca
11	TodayJLPT N1	984	愚	ぐ	1615350	entries/1615/1615350-gu.org	6298cca936d4e1418ba1b35e97e9d4a9a8f75130	https://todayjlpt.com/en/vocabulary/n1?page=25	85cdb6d1fea45ea82e7eb005cff1785327bf9ebdc3441ee42683f50b94f4cfca
11	TodayJLPT N1	985	悔い	くい	1200390	entries/1200/1200390-kui.org	3e288b96632967984fa459d27ecaaa5b70bab003	https://todayjlpt.com/en/vocabulary/n1?page=25	85cdb6d1fea45ea82e7eb005cff1785327bf9ebdc3441ee42683f50b94f4cfca
12	TodayJLPT N1	989	空虚	くうきょ	1245500	entries/1245/1245500-kuukyo.org	252f3d9e4e1dfba3379938fdfd7f1b39d5cd1059	https://todayjlpt.com/en/vocabulary/n1?page=25	85cdb6d1fea45ea82e7eb005cff1785327bf9ebdc3441ee42683f50b94f4cfca
12	TodayJLPT N1	990	空襲	くうしゅう	1245650	entries/1245/1245650-kuushuu.org	dd65e936e59c6ecb105a778407c0eaa2d7f92687	https://todayjlpt.com/en/vocabulary/n1?page=25	85cdb6d1fea45ea82e7eb005cff1785327bf9ebdc3441ee42683f50b94f4cfca
12	TodayJLPT N1	992	空欄	くうらん	1246080	entries/1246/1246080-kuuran.org	5011c184203289d1365d8a015945894cdb341c14	https://todayjlpt.com/en/vocabulary/n1?page=25	85cdb6d1fea45ea82e7eb005cff1785327bf9ebdc3441ee42683f50b94f4cfca
12	TodayJLPT N1	998	括る	くくる	1208230	entries/1208/1208230-kukuru.org	e5fed1bb99742958503f59bcac2da202793ead9e	https://todayjlpt.com/en/vocabulary/n1?page=25	85cdb6d1fea45ea82e7eb005cff1785327bf9ebdc3441ee42683f50b94f4cfca
12	TodayJLPT N1	999	草の根	くさのね	1401920	entries/1401/1401920-kusanone.org	01f8d84814668c6d906162f70a7aba185d761210	https://todayjlpt.com/en/vocabulary/n1?page=25	85cdb6d1fea45ea82e7eb005cff1785327bf9ebdc3441ee42683f50b94f4cfca
12	TodayJLPT N1	1001	旧事	くじ	1577950	entries/1577/1577950-kuji.org	7708972b814506ebe438b23cb3c6ebdfb1db9675	https://todayjlpt.com/en/vocabulary/n1?page=26	896fa1913faffeacffcf55e6a8bd203f43eb0c0225e9d71accb21b2bfaaeabbf
12	TodayJLPT N1	1002	駆使	くし	1244850	entries/1244/1244850-kushi.org	395b0cdc7fb5268cd43bea5afb7022e22e3bd0ff	https://todayjlpt.com/en/vocabulary/n1?page=26	896fa1913faffeacffcf55e6a8bd203f43eb0c0225e9d71accb21b2bfaaeabbf
12	TodayJLPT N1	1004	苦渋	くじゅう	1244490	entries/1244/1244490-kujuu.org	10adbae8d0d6b5867374f4b1735dc8ab0fd641ec	https://todayjlpt.com/en/vocabulary/n1?page=26	896fa1913faffeacffcf55e6a8bd203f43eb0c0225e9d71accb21b2bfaaeabbf
12	TodayJLPT N1	1005	駆除	くじょ	1244860	entries/1244/1244860-kujo.org	b92bbdd71aa0daacfd310ba24b093a5ce20751ff	https://todayjlpt.com/en/vocabulary/n1?page=26	896fa1913faffeacffcf55e6a8bd203f43eb0c0225e9d71accb21b2bfaaeabbf
12	TodayJLPT N1	1006	鯨	くじら	1253270	entries/1253/1253270-kujira.org	ce0055b72b7620dc3b629044c4684b4e4f1817fd	https://todayjlpt.com/en/vocabulary/n1?page=26	896fa1913faffeacffcf55e6a8bd203f43eb0c0225e9d71accb21b2bfaaeabbf
13	TodayJLPT N1	1007	愚図愚図	ぐずぐず	1004040	entries/1004/1004040-guzuguzu.org	c7f9eb1bbd0211ec4406817436df36565612e57b	https://todayjlpt.com/en/vocabulary/n1?page=26	896fa1913faffeacffcf55e6a8bd203f43eb0c0225e9d71accb21b2bfaaeabbf
13	TodayJLPT N1	1010	駆逐	くちく	1244870	entries/1244/1244870-kuchiku.org	c2a65b18cd79c42e8db80b6abe35544de7e78309	https://todayjlpt.com/en/vocabulary/n1?page=26	896fa1913faffeacffcf55e6a8bd203f43eb0c0225e9d71accb21b2bfaaeabbf
13	TodayJLPT N1	1011	口癖	くちぐせ	1276890	entries/1276/1276890-kuchiguse.org	7e98174e3095bebfe7aa631207f1564bed1a99e5	https://todayjlpt.com/en/vocabulary/n1?page=26	896fa1913faffeacffcf55e6a8bd203f43eb0c0225e9d71accb21b2bfaaeabbf
13	TodayJLPT N1	1012	口先	くちさき	1276500	entries/1276/1276500-kuchisaki.org	7d5ff19300b0d07deab38f22516e543c846058ce	https://todayjlpt.com/en/vocabulary/n1?page=26	896fa1913faffeacffcf55e6a8bd203f43eb0c0225e9d71accb21b2bfaaeabbf
13	TodayJLPT N1	1015	口笛	くちぶえ	1276630	entries/1276/1276630-kuchibue.org	843156c33146588f60e673326b954938d3d426da	https://todayjlpt.com/en/vocabulary/n1?page=26	896fa1913faffeacffcf55e6a8bd203f43eb0c0225e9d71accb21b2bfaaeabbf
13	TodayJLPT N1	1019	屈指	くっし	1246580	entries/1246/1246580-kusshi.org	f774770b1be6d6c4c981b80c15a7f5b9a4957ca7	https://todayjlpt.com/en/vocabulary/n1?page=26	896fa1913faffeacffcf55e6a8bd203f43eb0c0225e9d71accb21b2bfaaeabbf
13	TodayJLPT N1	1022	ぐっと	ぐっと	1004080	entries/1004/1004080-gutto.org	5d11aa70f12ad0ef0251a45b7808249e19015ce4	https://todayjlpt.com/en/vocabulary/n1?page=26	896fa1913faffeacffcf55e6a8bd203f43eb0c0225e9d71accb21b2bfaaeabbf
13	TodayJLPT N1	1023	寛ぐ	くつろぐ	1211920	entries/1211/1211920-kutsurogu.org	149c095c73ac251cda0ff3f707cd933e65823767	https://todayjlpt.com/en/vocabulary/n1?page=26	896fa1913faffeacffcf55e6a8bd203f43eb0c0225e9d71accb21b2bfaaeabbf
13	TodayJLPT N1	1026	凹み	くぼみ	1246830	entries/1246/1246830-kubomi.org	906c6df13695162edf367caf8cc7d2068feb3ac8	https://todayjlpt.com/en/vocabulary/n1?page=26	896fa1913faffeacffcf55e6a8bd203f43eb0c0225e9d71accb21b2bfaaeabbf
13	TodayJLPT N1	1027	熊	くま	1246850	entries/1246/1246850-kuma.org	f5f06bd347623591d67587321ee297d848691a94	https://todayjlpt.com/en/vocabulary/n1?page=26	896fa1913faffeacffcf55e6a8bd203f43eb0c0225e9d71accb21b2bfaaeabbf
14	TodayJLPT N1	1031	食らう	くらう	1592410	entries/1592/1592410-kurau.org	009a2a39def53d27f30c1fa4cd3804e61339610e	https://todayjlpt.com/en/vocabulary/n1?page=26	896fa1913faffeacffcf55e6a8bd203f43eb0c0225e9d71accb21b2bfaaeabbf
14	TodayJLPT N1	1034	栗	くり	1246880	entries/1246/1246880-kuri.org	6aa640ec75bf494f1ec599cea95fc6347689e56e	https://todayjlpt.com/en/vocabulary/n1?page=26	896fa1913faffeacffcf55e6a8bd203f43eb0c0225e9d71accb21b2bfaaeabbf
14	TodayJLPT N1	1036	苦慮	くりょ	1244660	entries/1244/1244660-kuryo.org	d32d1ebfff35468f39fe148e03bfd93e4c2800b1	https://todayjlpt.com/en/vocabulary/n1?page=26	896fa1913faffeacffcf55e6a8bd203f43eb0c0225e9d71accb21b2bfaaeabbf
14	TodayJLPT N1	1037	繰る	くる	1247040	entries/1247/1247040-kuru.org	af41e3d9f98c23ea6d5f5b4ef999b82be8d0c101	https://todayjlpt.com/en/vocabulary/n1?page=26	896fa1913faffeacffcf55e6a8bd203f43eb0c0225e9d71accb21b2bfaaeabbf
14	TodayJLPT N1	1038	胡桃	くるみ	1267550	entries/1267/1267550-kurumi.org	1f24afc2004c2f7baae41670c4ca932d56094f86	https://todayjlpt.com/en/vocabulary/n1?page=26	896fa1913faffeacffcf55e6a8bd203f43eb0c0225e9d71accb21b2bfaaeabbf
14	TodayJLPT N1	1043	黒幕	くろまく	1288160	entries/1288/1288160-kuromaku.org	65a078ee12a17213a77a390e3e504d51e48c917b	https://todayjlpt.com/en/vocabulary/n1?page=27	66d6a848f522fcbf0e94ae16b1853b4094b5d48ef21217eae86950141c9887a3
14	TodayJLPT N1	1045	訓示	くんじ	1247410	entries/1247/1247410-kunji.org	171305c78e9bd343e66a9bc6865548f8fdeffbda	https://todayjlpt.com/en/vocabulary/n1?page=27	66d6a848f522fcbf0e94ae16b1853b4094b5d48ef21217eae86950141c9887a3
14	TodayJLPT N1	1050	軍縮	ぐんしゅく	1248470	entries/1248/1248470-gunshuku.org	cd6d1065c1098c809f71fcd6293f722cef098b1c	https://todayjlpt.com/en/vocabulary/n1?page=27	66d6a848f522fcbf0e94ae16b1853b4094b5d48ef21217eae86950141c9887a3
14	TodayJLPT N1	1051	勲章	くんしょう	1247240	entries/1247/1247240-kunshou.org	3fa34d81e353f6ef01b7941b64b8947e252413ba	https://todayjlpt.com/en/vocabulary/n1?page=27	66d6a848f522fcbf0e94ae16b1853b4094b5d48ef21217eae86950141c9887a3
14	TodayJLPT N1	1053	軍部	ぐんぶ	1248950	entries/1248/1248950-gunbu.org	22b62fa576aa3acdf656dae56fd7a055361ecbf1	https://todayjlpt.com/en/vocabulary/n1?page=27	66d6a848f522fcbf0e94ae16b1853b4094b5d48ef21217eae86950141c9887a3
15	TodayJLPT N1	1055	君臨	くんりん	1247320	entries/1247/1247320-kunrin.org	18cc12070171a9c8b14dc8b7ceebe1feb2a20314	https://todayjlpt.com/en/vocabulary/n1?page=27	66d6a848f522fcbf0e94ae16b1853b4094b5d48ef21217eae86950141c9887a3
15	TodayJLPT N1	1056	系	けい	1251000	entries/1251/1251000-kei.org	91c413254a5b8ff530015886f2eeae5d35503ca7	https://todayjlpt.com/en/vocabulary/n1?page=27	66d6a848f522fcbf0e94ae16b1853b4094b5d48ef21217eae86950141c9887a3
15	TodayJLPT N1	1058	敬遠	けいえん	1250730	entries/1250/1250730-keien.org	5f363d452ffb1e61767935f544c2b043cb4457e7	https://todayjlpt.com/en/vocabulary/n1?page=27	66d6a848f522fcbf0e94ae16b1853b4094b5d48ef21217eae86950141c9887a3
15	TodayJLPT N1	1063	迎撃	げいげき	1253230	entries/1253/1253230-geigeki.org	f8d292d6aa6e8e7a04b9a82b4b48cb4448b3d211	https://todayjlpt.com/en/vocabulary/n1?page=27	66d6a848f522fcbf0e94ae16b1853b4094b5d48ef21217eae86950141c9887a3
15	TodayJLPT N1	1066	軽視	けいし	1252710	entries/1252/1252710-keishi.org	e6b23dc57a3784875bd946f51a04615274c51392	https://todayjlpt.com/en/vocabulary/n1?page=27	66d6a848f522fcbf0e94ae16b1853b4094b5d48ef21217eae86950141c9887a3
15	TodayJLPT N1	1068	敬称	けいしょう	1250760	entries/1250/1250760-keishou.org	ab280adf44d7bc9457f8f1705e59aaf566cebe5c	https://todayjlpt.com/en/vocabulary/n1?page=27	66d6a848f522fcbf0e94ae16b1853b4094b5d48ef21217eae86950141c9887a3
15	TodayJLPT N1	1069	継承	けいしょう	1251780	entries/1251/1251780-keishou.org	c77eea6b27427d33fd97723d22b205f0752ab8d8	https://todayjlpt.com/en/vocabulary/n1?page=27	66d6a848f522fcbf0e94ae16b1853b4094b5d48ef21217eae86950141c9887a3
15	TodayJLPT N1	1070	軽傷	けいしょう	1252720	entries/1252/1252720-keishou.org	c0f9f853a3b9c58448721ba02c4af0af789c118a	https://todayjlpt.com/en/vocabulary/n1?page=27	66d6a848f522fcbf0e94ae16b1853b4094b5d48ef21217eae86950141c9887a3
15	TodayJLPT N1	1071	系図	けいず	1251010	entries/1251/1251010-keizu.org	b474eb7a6c1c8e88971b6aef3fe579210fcb6704	https://todayjlpt.com/en/vocabulary/n1?page=27	66d6a848f522fcbf0e94ae16b1853b4094b5d48ef21217eae86950141c9887a3
15	TodayJLPT N1	1074	形跡	けいせき	1250370	entries/1250/1250370-keiseki.org	086c755ef8f878a2fc944cd1b12b29d4076328ef	https://todayjlpt.com/en/vocabulary/n1?page=27	66d6a848f522fcbf0e94ae16b1853b4094b5d48ef21217eae86950141c9887a3
16	TodayJLPT N1	1076	傾注	けいちゅう	1249550	entries/1249/1249550-keichuu.org	f5aac8a50f0d2260fe174e0755ad45ee820b32a3	https://todayjlpt.com/en/vocabulary/n1?page=27	66d6a848f522fcbf0e94ae16b1853b4094b5d48ef21217eae86950141c9887a3
16	TodayJLPT N1	1077	傾聴	けいちょう	1249560	entries/1249/1249560-keichou.org	1216f6e2b3d0c7f3ee7a95e4e01ee7c57953e6ed	https://todayjlpt.com/en/vocabulary/n1?page=27	66d6a848f522fcbf0e94ae16b1853b4094b5d48ef21217eae86950141c9887a3
16	TodayJLPT N1	1079	啓発	けいはつ	1250040	entries/1250/1250040-keihatsu.org	d7a13fe20206214b6cfa64903f6040e8c7b1a28f	https://todayjlpt.com/en/vocabulary/n1?page=27	66d6a848f522fcbf0e94ae16b1853b4094b5d48ef21217eae86950141c9887a3
16	TodayJLPT N1	1083	刑法	けいほう	1249790	entries/1249/1249790-keihou.org	a45af441abc7c60019d7092e6746deee2ac6ecaf	https://todayjlpt.com/en/vocabulary/n1?page=28	e77b208260813824dcb49002f0e06c1ebe588d00e23bd26f4b2af368efad95e5
16	TodayJLPT N1	1084	鶏卵	けいらん	1253040	entries/1253/1253040-keiran.org	08290bdec08f04767a2b816cd1d47801823e473a	https://todayjlpt.com/en/vocabulary/n1?page=28	e77b208260813824dcb49002f0e06c1ebe588d00e23bd26f4b2af368efad95e5
16	TodayJLPT N1	1088	激化	げきか	1253640	entries/1253/1253640-gekika.org	809aef539fc18067f42095c09fb6fc5837db7cb5	https://todayjlpt.com/en/vocabulary/n1?page=28	e77b208260813824dcb49002f0e06c1ebe588d00e23bd26f4b2af368efad95e5
16	TodayJLPT N1	1089	激減	げきげん	1253650	entries/1253/1253650-gekigen.org	be4b21d851e4bb114f495d110a265a8d16ef369b	https://todayjlpt.com/en/vocabulary/n1?page=28	e77b208260813824dcb49002f0e06c1ebe588d00e23bd26f4b2af368efad95e5
16	TodayJLPT N1	1090	激情	げきじょう	1253670	entries/1253/1253670-gekijou.org	8c029d6fc5ac83c2045463a75a1a5cd321328a95	https://todayjlpt.com/en/vocabulary/n1?page=28	e77b208260813824dcb49002f0e06c1ebe588d00e23bd26f4b2af368efad95e5
16	TodayJLPT N1	1091	激戦	げきせん	1253680	entries/1253/1253680-gekisen.org	cd8ee7cb86dfa35b093f5553ec4dc5bb458485ba	https://todayjlpt.com/en/vocabulary/n1?page=28	e77b208260813824dcb49002f0e06c1ebe588d00e23bd26f4b2af368efad95e5
16	TodayJLPT N1	1093	撃墜	げきつい	1253610	entries/1253/1253610-gekitsui.org	db6545a369de1eae26306cc09f3921fd22bf7ff2	https://todayjlpt.com/en/vocabulary/n1?page=28	e77b208260813824dcb49002f0e06c1ebe588d00e23bd26f4b2af368efad95e5
17	TodayJLPT N1	1094	激怒	げきど	1253700	entries/1253/1253700-gekido.org	74067b844644dcc7c24a6994fc4783d244fa2883	https://todayjlpt.com/en/vocabulary/n1?page=28	e77b208260813824dcb49002f0e06c1ebe588d00e23bd26f4b2af368efad95e5
17	TodayJLPT N1	1098	傑	けつ	2836694	entries/2836/2836694-ketsu.org	5c1209c6e447e64bd39a6525b0aa8e204eb30830	https://todayjlpt.com/en/vocabulary/n1?page=28	e77b208260813824dcb49002f0e06c1ebe588d00e23bd26f4b2af368efad95e5
17	TodayJLPT N1	1101	血縁	けつえん	1255170	entries/1255/1255170-ketsuen.org	3db3418072e3cd124d9c2618b4bbe0e56ab5c178	https://todayjlpt.com/en/vocabulary/n1?page=28	e77b208260813824dcb49002f0e06c1ebe588d00e23bd26f4b2af368efad95e5
17	TodayJLPT N1	1107	結集	けっしゅう	1254860	entries/1254/1254860-kesshuu.org	ca07b440003d9a100405d8108363c9bc09d4e688	https://todayjlpt.com/en/vocabulary/n1?page=28	e77b208260813824dcb49002f0e06c1ebe588d00e23bd26f4b2af368efad95e5
17	TodayJLPT N1	1108	傑出	けっしゅつ	1253860	entries/1253/1253860-kesshutsu.org	775ae953e23283bc45e50279539a4064e3b9951a	https://todayjlpt.com/en/vocabulary/n1?page=28	e77b208260813824dcb49002f0e06c1ebe588d00e23bd26f4b2af368efad95e5
17	TodayJLPT N1	1109	欠如	けつじょ	1254060	entries/1254/1254060-ketsujo.org	c0da2dde7e66dc1a8688ed7f516ec51ac3616922	https://todayjlpt.com/en/vocabulary/n1?page=28	e77b208260813824dcb49002f0e06c1ebe588d00e23bd26f4b2af368efad95e5
17	TodayJLPT N1	1115	欠損	けっそん	1254040	entries/1254/1254040-kesson.org	92ddaf3b037320c4cf5cfe9d88486a08d39b318d	https://todayjlpt.com/en/vocabulary/n1?page=28	e77b208260813824dcb49002f0e06c1ebe588d00e23bd26f4b2af368efad95e5
17	TodayJLPT N1	1117	潔白	けっぱく	1254460	entries/1254/1254460-keppaku.org	cc94533966da3956c28e0efdd285150144931036	https://todayjlpt.com/en/vocabulary/n1?page=28	e77b208260813824dcb49002f0e06c1ebe588d00e23bd26f4b2af368efad95e5
17	TodayJLPT N1	1120	結末	けつまつ	1255010	entries/1255/1255010-ketsumatsu.org	5ba66459910e4bb83941990a01be8629968558fc	https://todayjlpt.com/en/vocabulary/n1?page=28	e77b208260813824dcb49002f0e06c1ebe588d00e23bd26f4b2af368efad95e5
17	TodayJLPT N1	1121	決裂	けつれつ	1254430	entries/1254/1254430-ketsuretsu.org	b23d37f29bb496be0dfda92a18e27f3c32eaadc8	https://todayjlpt.com/en/vocabulary/n1?page=29	5747edf0c2eaeaf52d17c488c03c8af897cecf96b45f49da70edb4c99277c473
18	TodayJLPT N1	1123	健気	けなげ	1256140	entries/1256/1256140-kenage.org	364187bbd0f6cc925c5d0359eeadb30a3d6b8579	https://todayjlpt.com/en/vocabulary/n1?page=29	5747edf0c2eaeaf52d17c488c03c8af897cecf96b45f49da70edb4c99277c473
18	TodayJLPT N1	1125	懸念	けねん	1257720	entries/1257/1257720-kenen.org	3c6f7737043a29c3699886270c58a9d1e587e970	https://todayjlpt.com/en/vocabulary/n1?page=29	5747edf0c2eaeaf52d17c488c03c8af897cecf96b45f49da70edb4c99277c473
18	TodayJLPT N1	1130	兼	けん	1256490	entries/1256/1256490-ken.org	841a06b8249e933cfc45b8c56a750b915f2d49b0	https://todayjlpt.com/en/vocabulary/n1?page=29	5747edf0c2eaeaf52d17c488c03c8af897cecf96b45f49da70edb4c99277c473
18	TodayJLPT N1	1131	剣	けん	1256750	entries/1256/1256750-ken.org	c14962e69f62e379444aaa528243b834e26760f9	https://todayjlpt.com/en/vocabulary/n1?page=29	5747edf0c2eaeaf52d17c488c03c8af897cecf96b45f49da70edb4c99277c473
18	TodayJLPT N1	1134	原案	げんあん	1261160	entries/1261/1261160-genan.org	261f5fed9dfc78337c9c26faad04464f52418a3f	https://todayjlpt.com/en/vocabulary/n1?page=29	5747edf0c2eaeaf52d17c488c03c8af897cecf96b45f49da70edb4c99277c473
18	TodayJLPT N1	1136	幻影	げんえい	1262900	entries/1262/1262900-genei.org	4ed8ac643813b6cbe39ca3d579cb396c2e082eb3	https://todayjlpt.com/en/vocabulary/n1?page=29	5747edf0c2eaeaf52d17c488c03c8af897cecf96b45f49da70edb4c99277c473
18	TodayJLPT N1	1137	検閲	けんえつ	1257840	entries/1257/1257840-kenetsu.org	1203fb70c467c42f937378be99bb75ea1b5f121e	https://todayjlpt.com/en/vocabulary/n1?page=29	5747edf0c2eaeaf52d17c488c03c8af897cecf96b45f49da70edb4c99277c473
18	TodayJLPT N1	1138	嫌悪	けんお	1257280	entries/1257/1257280-keno.org	3be3b277fc014b659d5f9bfe212c07ebc561ae28	https://todayjlpt.com/en/vocabulary/n1?page=29	5747edf0c2eaeaf52d17c488c03c8af897cecf96b45f49da70edb4c99277c473
18	TodayJLPT N1	1139	厳戒	げんかい	1262560	entries/1262/1262560-genkai.org	6d5b034ad745aad39b6ef3dc3888da66014e1fd5	https://todayjlpt.com/en/vocabulary/n1?page=29	5747edf0c2eaeaf52d17c488c03c8af897cecf96b45f49da70edb4c99277c473
18	TodayJLPT N1	1141	幻覚	げんかく	1262910	entries/1262/1262910-genkaku.org	c22f73c9a9f2d9b7fb1be0dde15814354a326762	https://todayjlpt.com/en/vocabulary/n1?page=29	5747edf0c2eaeaf52d17c488c03c8af897cecf96b45f49da70edb4c99277c473
19	TodayJLPT N1	1142	嫌疑	けんぎ	1257320	entries/1257/1257320-kengi.org	f0146247ca2b8100556a3ba5b705c7b72aacb273	https://todayjlpt.com/en/vocabulary/n1?page=29	5747edf0c2eaeaf52d17c488c03c8af897cecf96b45f49da70edb4c99277c473
19	TodayJLPT N1	1143	言及	げんきゅう	1264410	entries/1264/1264410-genkyuu.org	ec8aae7bb65979823bbc07f761f25eb8c96bf507	https://todayjlpt.com/en/vocabulary/n1?page=29	5747edf0c2eaeaf52d17c488c03c8af897cecf96b45f49da70edb4c99277c473
19	TodayJLPT N1	1145	献金	けんきん	1258420	entries/1258/1258420-kenkin.org	9e863afdf9e22af1d0afb4ad4646b68e9dcbf512	https://todayjlpt.com/en/vocabulary/n1?page=29	5747edf0c2eaeaf52d17c488c03c8af897cecf96b45f49da70edb4c99277c473
19	TodayJLPT N1	1146	厳禁	げんきん	1262590	entries/1262/1262590-genkin.org	f12bd8f7c09ec34796f17a4f04a1ed15e5acc511	https://todayjlpt.com/en/vocabulary/n1?page=29	5747edf0c2eaeaf52d17c488c03c8af897cecf96b45f49da70edb4c99277c473
19	TodayJLPT N1	1150	堅固	けんご	1257140	entries/1257/1257140-kengo.org	913ea0869558d489d5e50742a1361117c3b525b4	https://todayjlpt.com/en/vocabulary/n1?page=29	5747edf0c2eaeaf52d17c488c03c8af897cecf96b45f49da70edb4c99277c473
19	TodayJLPT N1	1152	拳骨	げんこつ	1257750	entries/1257/1257750-genkotsu.org	5000ac2ff3fc5bfbf589eb098155bc23b4c44331	https://todayjlpt.com/en/vocabulary/n1?page=29	5747edf0c2eaeaf52d17c488c03c8af897cecf96b45f49da70edb4c99277c473
19	TodayJLPT N1	1160	拳銃	けんじゅう	1257760	entries/1257/1257760-kenjuu.org	d45833924f96daa38059616c4f810dd5191c0a45	https://todayjlpt.com/en/vocabulary/n1?page=29	5747edf0c2eaeaf52d17c488c03c8af897cecf96b45f49da70edb4c99277c473
19	TodayJLPT N1	1162	検出	けんしゅつ	1257940	entries/1257/1257940-kenshutsu.org	ef206a28c3149fe244604af752fe7b855b00e868	https://todayjlpt.com/en/vocabulary/n1?page=30	56e9513a2eb2e5943b2e7fac458214b6b1a6ae9b14dcd7679ff1f04ad3074bad
19	TodayJLPT N1	1164	憲章	けんしょう	1257560	entries/1257/1257560-kenshou.org	48ae9768beddfe6b4cd406e212035ccf1790da76	https://todayjlpt.com/en/vocabulary/n1?page=30	56e9513a2eb2e5943b2e7fac458214b6b1a6ae9b14dcd7679ff1f04ad3074bad
19	TodayJLPT N1	1167	賢人	けんじん	1260290	entries/1260/1260290-kenjin.org	87453c3a36298e3b436f18fcc921776863639b78	https://todayjlpt.com/en/vocabulary/n1?page=30	56e9513a2eb2e5943b2e7fac458214b6b1a6ae9b14dcd7679ff1f04ad3074bad
20	TodayJLPT N1	1168	懸垂	けんすい	1257700	entries/1257/1257700-kensui.org	ed99299c08daaa9abd7d76ae44f4bbf1eda5e990	https://todayjlpt.com/en/vocabulary/n1?page=30	56e9513a2eb2e5943b2e7fac458214b6b1a6ae9b14dcd7679ff1f04ad3074bad
20	TodayJLPT N1	1169	憲政	けんせい	1257570	entries/1257/1257570-kensei.org	39d95b27a94c3e2168f35f2ba3f75021c606f6b4	https://todayjlpt.com/en/vocabulary/n1?page=30	56e9513a2eb2e5943b2e7fac458214b6b1a6ae9b14dcd7679ff1f04ad3074bad
20	TodayJLPT N1	1178	検定	けんてい	1257990	entries/1257/1257990-kentei.org	380e96c695cac376e26e06b9a3ba185a74dfc155	https://todayjlpt.com/en/vocabulary/n1?page=30	56e9513a2eb2e5943b2e7fac458214b6b1a6ae9b14dcd7679ff1f04ad3074bad
20	TodayJLPT N1	1184	厳罰	げんばつ	1262780	entries/1262/1262780-genbatsu.org	28a2609402140b5faac34593cb55328c2163916f	https://todayjlpt.com/en/vocabulary/n1?page=30	56e9513a2eb2e5943b2e7fac458214b6b1a6ae9b14dcd7679ff1f04ad3074bad
20	TodayJLPT N1	1186	玄米	げんまい	1263470	entries/1263/1263470-genmai.org	ee1249673c4b6b3a4cabbdb9e636fc43e7138565	https://todayjlpt.com/en/vocabulary/n1?page=30	56e9513a2eb2e5943b2e7fac458214b6b1a6ae9b14dcd7679ff1f04ad3074bad
20	TodayJLPT N1	1189	幻滅	げんめつ	1263010	entries/1263/1263010-genmetsu.org	a9968373843471e712b594a71e11040546884dc2	https://todayjlpt.com/en/vocabulary/n1?page=30	56e9513a2eb2e5943b2e7fac458214b6b1a6ae9b14dcd7679ff1f04ad3074bad
20	TodayJLPT N1	1190	減免	げんめん	1263340	entries/1263/1263340-genmen.org	78ceff555e1800ade03670871c2d23287eb92e8b	https://todayjlpt.com/en/vocabulary/n1?page=30	56e9513a2eb2e5943b2e7fac458214b6b1a6ae9b14dcd7679ff1f04ad3074bad
20	TodayJLPT N1	1191	検問	けんもん	1258050	entries/1258/1258050-kenmon.org	787886ecd78019c00c7479bfe2798752caf05ba3	https://todayjlpt.com/en/vocabulary/n1?page=30	56e9513a2eb2e5943b2e7fac458214b6b1a6ae9b14dcd7679ff1f04ad3074bad
20	TodayJLPT N1	1197	故意	こい	1267140	entries/1267/1267140-koi.org	7d5bdd1083b684648f3a5c31b3562a24e1129070	https://todayjlpt.com/en/vocabulary/n1?page=30	56e9513a2eb2e5943b2e7fac458214b6b1a6ae9b14dcd7679ff1f04ad3074bad
20	TodayJLPT N1	1199	鯉	こい	1271650	entries/1271/1271650-koi.org	c7744883dbb8f61c13461dea455b6e244ce3d3b2	https://todayjlpt.com/en/vocabulary/n1?page=30	56e9513a2eb2e5943b2e7fac458214b6b1a6ae9b14dcd7679ff1f04ad3074bad
21	TodayJLPT N1	1204	稿	こう	1280660	entries/1280/1280660-kou.org	e75a2bf50a44f6f5f1fc554277aed1e28c8294fc	https://todayjlpt.com/en/vocabulary/n1?page=31	cb66c52a777262ce279a54bb811d679bc903d249a06444ab256d1c0a0c9b9167
21	TodayJLPT N1	1205	号	ごう	1284220	entries/1284/1284220-gou.org	f19e157cfb86654c956147d706c9623612bc811f	https://todayjlpt.com/en/vocabulary/n1?page=31	cb66c52a777262ce279a54bb811d679bc903d249a06444ab256d1c0a0c9b9167
21	TodayJLPT N1	1206	合	ごう	1956260	entries/1956/1956260-gou.org	32c88974d18ca716973469511974e95f6773cd94	https://todayjlpt.com/en/vocabulary/n1?page=31	cb66c52a777262ce279a54bb811d679bc903d249a06444ab256d1c0a0c9b9167
21	TodayJLPT N1	1208	考案	こうあん	1281100	entries/1281/1281100-kouan.org	bd32735006c11400c0619532de2e950f6c10ae65	https://todayjlpt.com/en/vocabulary/n1?page=31	cb66c52a777262ce279a54bb811d679bc903d249a06444ab256d1c0a0c9b9167
21	TodayJLPT N1	1210	皇位	こうい	1280350	entries/1280/1280350-koui.org	29c3f9366eed03ed92670fb626c42dc62f40a901	https://todayjlpt.com/en/vocabulary/n1?page=31	cb66c52a777262ce279a54bb811d679bc903d249a06444ab256d1c0a0c9b9167
21	TodayJLPT N1	1216	校閲	こうえつ	1279480	entries/1279/1279480-kouetsu.org	4044078091c6cc2797c719ba1bbe1c2871c3f466	https://todayjlpt.com/en/vocabulary/n1?page=31	cb66c52a777262ce279a54bb811d679bc903d249a06444ab256d1c0a0c9b9167
21	TodayJLPT N1	1217	後援	こうえん	1269470	entries/1269/1269470-kouen.org	e1ceca562969d556d70276f2a5ff59a9c3f2ea57	https://todayjlpt.com/en/vocabulary/n1?page=31	cb66c52a777262ce279a54bb811d679bc903d249a06444ab256d1c0a0c9b9167
21	TodayJLPT N1	1218	甲乙	こうおつ	1280080	entries/1280/1280080-kouotsu.org	1b7f4a7f908bd3d686c7eed8aaea2436220547f9	https://todayjlpt.com/en/vocabulary/n1?page=31	cb66c52a777262ce279a54bb811d679bc903d249a06444ab256d1c0a0c9b9167
21	TodayJLPT N1	1225	興行	こうぎょう	1238260	entries/1238/1238260-kougyou.org	37b9a86c629cd7a345376d3856cd34ce56ef2b39	https://todayjlpt.com/en/vocabulary/n1?page=31	cb66c52a777262ce279a54bb811d679bc903d249a06444ab256d1c0a0c9b9167
21	TodayJLPT N1	1228	高潔	こうけつ	1283440	entries/1283/1283440-kouketsu.org	5f1b99cc4f061393efd7d905fe47221bb7097325	https://todayjlpt.com/en/vocabulary/n1?page=31	cb66c52a777262ce279a54bb811d679bc903d249a06444ab256d1c0a0c9b9167
22	TodayJLPT N1	1230	剛健	ごうけん	1284120	entries/1284/1284120-gouken.org	3218d1710c913389f4f52c2e0267f67382ca19e7	https://todayjlpt.com/en/vocabulary/n1?page=31	cb66c52a777262ce279a54bb811d679bc903d249a06444ab256d1c0a0c9b9167
22	TodayJLPT N1	1235	公債	こうさい	1273700	entries/1273/1273700-kousai.org	95eeac905c8d801280bda470879f98c1be1faa69	https://todayjlpt.com/en/vocabulary/n1?page=31	cb66c52a777262ce279a54bb811d679bc903d249a06444ab256d1c0a0c9b9167
22	TodayJLPT N1	1236	鋼材	こうざい	1282710	entries/1282/1282710-kouzai.org	afd29bfb74fba297a8e5681b889c6b597db37852	https://todayjlpt.com/en/vocabulary/n1?page=31	cb66c52a777262ce279a54bb811d679bc903d249a06444ab256d1c0a0c9b9167
22	TodayJLPT N1	1239	絞殺	こうさつ	1280850	entries/1280/1280850-kousatsu.org	aadf84ab44e54c8cda51bf95525676cf3ac0ddc0	https://todayjlpt.com/en/vocabulary/n1?page=31	cb66c52a777262ce279a54bb811d679bc903d249a06444ab256d1c0a0c9b9167
22	TodayJLPT N1	1241	公爵	こうしゃく	1273880	entries/1273/1273880-koushaku.org	e0bc70be38b9ebb44d68d3d6f2925fe30668ed59	https://todayjlpt.com/en/vocabulary/n1?page=32	d813712dd47e44353e4cf3cc5dea71fd4064fb82106221021c9b60db7f772240
22	TodayJLPT N1	1252	恒星	こうせい	1278780	entries/1278/1278780-kousei.org	bb4358ccc087710023e8b01ed3b3efb25b8ecb8d	https://todayjlpt.com/en/vocabulary/n1?page=32	d813712dd47e44353e4cf3cc5dea71fd4064fb82106221021c9b60db7f772240
22	TodayJLPT N1	1253	攻勢	こうせい	1279240	entries/1279/1279240-kousei.org	190af25a8dfd6db0600e830af9ef2299d09422cb	https://todayjlpt.com/en/vocabulary/n1?page=32	d813712dd47e44353e4cf3cc5dea71fd4064fb82106221021c9b60db7f772240
22	TodayJLPT N1	1261	強奪	ごうだつ	1236460	entries/1236/1236460-goudatsu.org	a8b0e12fc59b55b1cefd38545d5861a694f952ff	https://todayjlpt.com/en/vocabulary/n1?page=32	d813712dd47e44353e4cf3cc5dea71fd4064fb82106221021c9b60db7f772240
22	TodayJLPT N1	1263	拘置	こうち	1279010	entries/1279/1279010-kouchi.org	2914606367c93524d075eb207ec8316925dd94bc	https://todayjlpt.com/en/vocabulary/n1?page=32	d813712dd47e44353e4cf3cc5dea71fd4064fb82106221021c9b60db7f772240
22	TodayJLPT N1	1265	硬直	こうちょく	1280610	entries/1280/1280610-kouchoku.org	cb93c6c4cc253cb306b9f6bddec09b0f33c18e9e	https://todayjlpt.com/en/vocabulary/n1?page=32	d813712dd47e44353e4cf3cc5dea71fd4064fb82106221021c9b60db7f772240
23	TodayJLPT N1	1266	皇帝	こうてい	1280490	entries/1280/1280490-koutei.org	e377e9a910c87e53d495f7dd16540fa5e637b00c	https://todayjlpt.com/en/vocabulary/n1?page=32	d813712dd47e44353e4cf3cc5dea71fd4064fb82106221021c9b60db7f772240
23	TodayJLPT N1	1267	更迭	こうてつ	1279430	entries/1279/1279430-koutetsu.org	040ff321f62a4e14acdad35353bf6ae646e481bb	https://todayjlpt.com/en/vocabulary/n1?page=32	d813712dd47e44353e4cf3cc5dea71fd4064fb82106221021c9b60db7f772240
23	TodayJLPT N1	1277	広範	こうはん	1278660	entries/1278/1278660-kouhan.org	79ed8d4bda65214005e9c93db22404b86140a2ac	https://todayjlpt.com/en/vocabulary/n1?page=32	d813712dd47e44353e4cf3cc5dea71fd4064fb82106221021c9b60db7f772240
23	TodayJLPT N1	1280	合弁	ごうべん	1285250	entries/1285/1285250-gouben.org	4c10c3c51896c2a5a2aa14565716e79ccfc80696	https://todayjlpt.com/en/vocabulary/n1?page=32	d813712dd47e44353e4cf3cc5dea71fd4064fb82106221021c9b60db7f772240
23	TodayJLPT N1	1282	功名	こうみょう	1275090	entries/1275/1275090-koumyou.org	89b0297416dde4c0a54b7f5a1d0ca60d9cf91bb1	https://todayjlpt.com/en/vocabulary/n1?page=33	542e1241eb1abfa401392d313a445850d6a6fb241c6abc91e5882d5c1073b6c1
23	TodayJLPT N1	1284	拷問	ごうもん	1285440	entries/1285/1285440-goumon.org	431b616e13826f016e21e3bd7fa1f5b55f23a856	https://todayjlpt.com/en/vocabulary/n1?page=33	542e1241eb1abfa401392d313a445850d6a6fb241c6abc91e5882d5c1073b6c1
23	TodayJLPT N1	1289	拘留	こうりゅう	1279040	entries/1279/1279040-kouryuu.org	38dd5a0840dd19740f576392a012b0def3cda1e1	https://todayjlpt.com/en/vocabulary/n1?page=33	542e1241eb1abfa401392d313a445850d6a6fb241c6abc91e5882d5c1073b6c1
23	TodayJLPT N1	1291	肥える	こえる	1484260	entries/1484/1484260-koeru.org	3a50fd212f1d936bd750a105f74260a804b1bba1	https://todayjlpt.com/en/vocabulary/n1?page=33	542e1241eb1abfa401392d313a445850d6a6fb241c6abc91e5882d5c1073b6c1
23	TodayJLPT N1	1294	語気	ごき	1271040	entries/1271/1271040-goki.org	9036f8cb3d8cee84d20925858cb91bdd12571b0c	https://todayjlpt.com/en/vocabulary/n1?page=33	542e1241eb1abfa401392d313a445850d6a6fb241c6abc91e5882d5c1073b6c1
23	TodayJLPT N1	1296	黒衣	こくい	1578980	entries/1578/1578980-kokui.org	709472f1e170ecf2fd4943f8937a28edeabb2daa	https://todayjlpt.com/en/vocabulary/n1?page=33	542e1241eb1abfa401392d313a445850d6a6fb241c6abc91e5882d5c1073b6c1
24	TodayJLPT N1	1297	国債	こくさい	1286390	entries/1286/1286390-kokusai.org	bbe0e894c12d547e5133966e9d2089a1765854d5	https://todayjlpt.com/en/vocabulary/n1?page=33	542e1241eb1abfa401392d313a445850d6a6fb241c6abc91e5882d5c1073b6c1
24	TodayJLPT N1	1299	酷使	こくし	1287350	entries/1287/1287350-kokushi.org	92c0511747df5b0fb9cd4e114023b6e55429c7f2	https://todayjlpt.com/en/vocabulary/n1?page=33	542e1241eb1abfa401392d313a445850d6a6fb241c6abc91e5882d5c1073b6c1
24	TodayJLPT N1	1302	国土	こくど	1286890	entries/1286/1286890-kokudo.org	dc6eb5594b356c93a85dc85283e57be34703890a	https://todayjlpt.com/en/vocabulary/n1?page=33	542e1241eb1abfa401392d313a445850d6a6fb241c6abc91e5882d5c1073b6c1
24	TodayJLPT N1	1304	極秘	ごくひ	1240470	entries/1240/1240470-gokuhi.org	4406edc04313207b7bfe12369727391f30167a9e	https://todayjlpt.com/en/vocabulary/n1?page=33	542e1241eb1abfa401392d313a445850d6a6fb241c6abc91e5882d5c1073b6c1
24	TodayJLPT N1	1308	穀類	こくるい	1287310	entries/1287/1287310-kokurui.org	cb24948ecf45030e052ec33df081c16c843394a2	https://todayjlpt.com/en/vocabulary/n1?page=33	542e1241eb1abfa401392d313a445850d6a6fb241c6abc91e5882d5c1073b6c1
24	TodayJLPT N1	1313	故国	ここく	1267160	entries/1267/1267160-kokoku.org	c5c886104d98324d0f96f93000e21d0053cc1f5b	https://todayjlpt.com/en/vocabulary/n1?page=33	542e1241eb1abfa401392d313a445850d6a6fb241c6abc91e5882d5c1073b6c1
24	TodayJLPT N1	1328	誇示	こじ	1267770	entries/1267/1267770-koji.org	477ee15ea8ac206649e9b5875176d6fca6ab3432	https://todayjlpt.com/en/vocabulary/n1?page=34	4b9b00a21e08954ce6347818ad51711a8d91013f91df212246944e17be7a5299
24	TodayJLPT N1	1329	誤植	ごしょく	1271370	entries/1271/1271370-goshoku.org	96fe5d6da2b25fc16d1703f6f37e58eb21d5ce3c	https://todayjlpt.com/en/vocabulary/n1?page=34	4b9b00a21e08954ce6347818ad51711a8d91013f91df212246944e17be7a5299
24	TodayJLPT N1	1335	小僧	こぞう	1348480	entries/1348/1348480-kozou.org	2477b4d97aec5d5545816626411e42fe4f813420	https://todayjlpt.com/en/vocabulary/n1?page=34	4b9b00a21e08954ce6347818ad51711a8d91013f91df212246944e17be7a5299
24	TodayJLPT N1	1346	国庫	こっこ	1286360	entries/1286/1286360-kokko.org	78064bdba488a2f1aebd632e71fc49327025464f	https://todayjlpt.com/en/vocabulary/n1?page=34	4b9b00a21e08954ce6347818ad51711a8d91013f91df212246944e17be7a5299
25	TodayJLPT N1	1352	孤島	ことう	1266840	entries/1266/1266840-kotou.org	a15c17c3684668bc31d6b86fcbb9395d9049a318	https://todayjlpt.com/en/vocabulary/n1?page=34	4b9b00a21e08954ce6347818ad51711a8d91013f91df212246944e17be7a5299
25	TodayJLPT N1	1353	鼓動	こどう	1268000	entries/1268/1268000-kodou.org	6808bb00b57b5eab44e14c6f72d9871cb11989b4	https://todayjlpt.com/en/vocabulary/n1?page=34	4b9b00a21e08954ce6347818ad51711a8d91013f91df212246944e17be7a5299
25	TodayJLPT N1	1363	湖畔	こはん	1267320	entries/1267/1267320-kohan.org	474aad8bdcfe779d8026c4aa326285107a80a2bc	https://todayjlpt.com/en/vocabulary/n1?page=35	f22735262c47928345411f0970e83c34f2a6e3f39eff0d232447657bdb617807
25	TodayJLPT N1	1365	鼓舞	こぶ	1268020	entries/1268/1268020-kobu.org	d609741fe236caf5d5e4694de6f7e82841d60759	https://todayjlpt.com/en/vocabulary/n1?page=35	f22735262c47928345411f0970e83c34f2a6e3f39eff0d232447657bdb617807
25	TodayJLPT N1	1366	拳	こぶし	1257740	entries/1257/1257740-kobushi.org	1fa66bd0a0b08ed58d5978bcf30f24d7e5542da0	https://todayjlpt.com/en/vocabulary/n1?page=35	f22735262c47928345411f0970e83c34f2a6e3f39eff0d232447657bdb617807
25	TodayJLPT N1	1368	駒	こま	1244930	entries/1244/1244930-koma.org	cd5fc4244da770018556e6f5d022064142471320	https://todayjlpt.com/en/vocabulary/n1?page=35	f22735262c47928345411f0970e83c34f2a6e3f39eff0d232447657bdb617807
25	TodayJLPT N1	1369	独楽	こま	1455730	entries/1455/1455730-koma.org	36eae47524148c7f69104281a5bd9f7bfc892267	https://todayjlpt.com/en/vocabulary/n1?page=35	f22735262c47928345411f0970e83c34f2a6e3f39eff0d232447657bdb617807
25	TodayJLPT N1	1371	細か	こまか	1295520	entries/1295/1295520-komaka.org	1b90ea0908371566663de626002a1ae724c67491	https://todayjlpt.com/en/vocabulary/n1?page=35	f22735262c47928345411f0970e83c34f2a6e3f39eff0d232447657bdb617807
25	TodayJLPT N1	1380	今宵	こよい	1289260	entries/1289/1289260-koyoi.org	08c3610be39887093c9379ab274eccf815c827ae	https://todayjlpt.com/en/vocabulary/n1?page=35	f22735262c47928345411f0970e83c34f2a6e3f39eff0d232447657bdb617807
25	TodayJLPT N1	1387	衣	ころも	1158710	entries/1158/1158710-koromo.org	febc81bc09832ca3dfe5caf972dd73e5e6eff1b2	https://todayjlpt.com/en/vocabulary/n1?page=35	f22735262c47928345411f0970e83c34f2a6e3f39eff0d232447657bdb617807
