batch	source_order	written	reading	jmdict_id	entry_path	word_commit	source_revision	source_url
1	4	愛憎	あいぞう	1575670	entries/1575/1575670-aizou.org	825af2e897750ba908704029f0fd67a4a64c1b40	84094074	https://en.wiktionary.org/w/index.php?title=Appendix:JLPT/N1&oldid=84094074
1	11	亜科	あか	1149680	entries/1149/1149680-aka.org	64d6dd14d76ccc66528a38d752188ff196b8f0ae	84094074	https://en.wiktionary.org/w/index.php?title=Appendix:JLPT/N1&oldid=84094074
1	98	域外	いきがい	1160500	entries/1160/1160500-ikigai.org	23928b59c963e4f2712eb48a0369ab8875f82fee	84094074	https://en.wiktionary.org/w/index.php?title=Appendix:JLPT/N1&oldid=84094074
1	130	一部	いちぶ	1166180	entries/1166/1166180-ichibu.org	0aaa32279e03af976e76cbd344539fc21ef6e651	84094074	https://en.wiktionary.org/w/index.php?title=Appendix:JLPT/N1&oldid=84094074
1	145	異動	いどう	1157970	entries/1157/1157970-idou.org	aca2fb17532697a822cb10221fa0ec95a8e50f1c	84094074	https://en.wiktionary.org/w/index.php?title=Appendix:JLPT/N1&oldid=84094074
1	281	お祖父さん	おじいさん	1002320	entries/1002/1002320-ojiisan.org	0648dac4f7ae733712a9c9c8365413e17f8a3759	84094074	https://en.wiktionary.org/w/index.php?title=Appendix:JLPT/N1&oldid=84094074
1	310	お襁褓	おむつ	1270830	entries/1270/1270830-omutsu.org	8a83c055a50eccdad058b60b90227c459497383b	84094074	https://en.wiktionary.org/w/index.php?title=Appendix:JLPT/N1&oldid=84094074
1	335	下位	かい	1184480	entries/1184/1184480-kai.org	255c712edd2690afb6fe082db70d9e3e5b3b5ce7	84094074	https://en.wiktionary.org/w/index.php?title=Appendix:JLPT/N1&oldid=84094074
1	410	過多	かた	1196230	entries/1196/1196230-kata.org	fe0b8366f5e847479b3ef64195837b2beff52678	84094074	https://en.wiktionary.org/w/index.php?title=Appendix:JLPT/N1&oldid=84094074
1	412	片思い	かたおもい	1590350	entries/1590/1590350-kataomoi.org	667547aeec0b7e6eae016e2314b0c99b62ed9bb3	84094074	https://en.wiktionary.org/w/index.php?title=Appendix:JLPT/N1&oldid=84094074
2	415	片付け	かたづけ	1511780	entries/1511/1511780-katazuke.org	2ea7619c21a02b0d8b04c88fa581c8eb341a0881	84094074	https://en.wiktionary.org/w/index.php?title=Appendix:JLPT/N1&oldid=84094074
2	434	華美	かび	1195610	entries/1195/1195610-kabi.org	e4cb1771f135de2ba76430cd3bf91809d46a45f0	84094074	https://en.wiktionary.org/w/index.php?title=Appendix:JLPT/N1&oldid=84094074
2	437	気触れる	かぶれる	1222350	entries/1222/1222350-kabureru.org	10af175579e18ab31fe45ca62b95d591187fd3b3	84094074	https://en.wiktionary.org/w/index.php?title=Appendix:JLPT/N1&oldid=84094074
2	441	加味	かみ	1190570	entries/1190/1190570-kami.org	25a1120d44ad81fcf51e71baf4d12c9f9285e78a	84094074	https://en.wiktionary.org/w/index.php?title=Appendix:JLPT/N1&oldid=84094074
2	460	感慨	かんがい	1212310	entries/1212/1212310-kangai.org	4cde4d35769532176c8c947156d497efd0ba0834	84094074	https://en.wiktionary.org/w/index.php?title=Appendix:JLPT/N1&oldid=84094074
2	463	刊行	かんこう	1210570	entries/1210/1210570-kankou.org	6b7a5040c4e5cf89ec33d75c98ac196bccdad20b	84094074	https://en.wiktionary.org/w/index.php?title=Appendix:JLPT/N1&oldid=84094074
2	464	慣行	かんこう	1212680	entries/1212/1212680-kankou.org	e994158bd466c775e8963a839ba616738c7fcc9a	84094074	https://en.wiktionary.org/w/index.php?title=Appendix:JLPT/N1&oldid=84094074
2	475	歓声	かんせい	1213000	entries/1213/1213000-kansei.org	bef9cef51186864c5ddd9c0fce1b2ee3ddc87b94	84094074	https://en.wiktionary.org/w/index.php?title=Appendix:JLPT/N1&oldid=84094074
2	535	季刊	きかん	1222810	entries/1222/1222810-kikan.org	5b9f7d9b8a10d0173812b5738dc46b7dbd45e82b	84094074	https://en.wiktionary.org/w/index.php?title=Appendix:JLPT/N1&oldid=84094074
2	536	器官	きかん	1218910	entries/1218/1218910-kikan.org	631cd79947c5582d7fe767c97d93d06be79507a8	84094074	https://en.wiktionary.org/w/index.php?title=Appendix:JLPT/N1&oldid=84094074
3	547	機構	きこう	1220940	entries/1220/1220940-kikou.org	130dad7ceece1ae59cf47430128620dc8f5dd68b	84094074	https://en.wiktionary.org/w/index.php?title=Appendix:JLPT/N1&oldid=84094074
3	554	奇数	きすう	1219410	entries/1219/1219410-kisuu.org	34020d6df3b6d27d2c93fbb3090a51b348eca431	84094074	https://en.wiktionary.org/w/index.php?title=Appendix:JLPT/N1&oldid=84094074
3	566	喫茶	きっさ	1226430	entries/1226/1226430-kissa.org	52d2f0ef0535cd151b6102597f7cf7470a2df8d6	84094074	https://en.wiktionary.org/w/index.php?title=Appendix:JLPT/N1&oldid=84094074
3	601	教員	きょういん	1236980	entries/1236/1236980-kyouin.org	2fbbb1ea09dfcbde610e9c03d3f9bd6d0c61ce28	84094074	https://en.wiktionary.org/w/index.php?title=Appendix:JLPT/N1&oldid=84094074
3	606	協議	きょうぎ	1235570	entries/1235/1235570-kyougi.org	cd92b0202f7820245114bd5c087a534231b87a2a	84094074	https://en.wiktionary.org/w/index.php?title=Appendix:JLPT/N1&oldid=84094074
3	610	共産	きょうさん	1234430	entries/1234/1234430-kyousan.org	4f8cd1bc10a4321422babd9baa6b2d4d4fd4824f	84094074	https://en.wiktionary.org/w/index.php?title=Appendix:JLPT/N1&oldid=84094074
3	615	享受	きょうじゅ	1233280	entries/1233/1233280-kyouju.org	f9080c52b40d867855e3246f563848f668b21276	84094074	https://en.wiktionary.org/w/index.php?title=Appendix:JLPT/N1&oldid=84094074
3	635	気楽	きらく	1222010	entries/1222/1222010-kiraku.org	a18d81a6d997ff8f7cdc11337068076ec5b8cf83	84094074	https://en.wiktionary.org/w/index.php?title=Appendix:JLPT/N1&oldid=84094074
3	647	近視	きんし	1242320	entries/1242/1242320-kinshi.org	13b841e2f9779685dc481a31fc1e8f03a4382854	84094074	https://en.wiktionary.org/w/index.php?title=Appendix:JLPT/N1&oldid=84094074
3	699	倶楽部	クラブ	1243910	entries/1243/1243910-kurabu.org	dae2f284ac45113e258c36fabc5857aed4ad84f1	84094074	https://en.wiktionary.org/w/index.php?title=Appendix:JLPT/N1&oldid=84094074
4	719	計器	けいき	1252130	entries/1252/1252130-keiki.org	703839a2983c6d4779be6d457f78ae0cdfd04881	84094074	https://en.wiktionary.org/w/index.php?title=Appendix:JLPT/N1&oldid=84094074
4	728	携帯	けいたい	1250680	entries/1250/1250680-keitai.org	9d25b7e8287db5b7721380cb4f7225662a747196	84094074	https://en.wiktionary.org/w/index.php?title=Appendix:JLPT/N1&oldid=84094074
4	741	決行	けっこう	1254250	entries/1254/1254250-kekkou.org	e5268339a43a7e239eab843a75eb9e71cd12f268	84094074	https://en.wiktionary.org/w/index.php?title=Appendix:JLPT/N1&oldid=84094074
4	804	交易	こうえき	1271710	entries/1271/1271710-koueki.org	54d2fefca4171296435818299286599db5a8f970	84094074	https://en.wiktionary.org/w/index.php?title=Appendix:JLPT/N1&oldid=84094074
4	805	公演	こうえん	1273280	entries/1273/1273280-kouen.org	849db8be2223a5920d98aeab1796f31337977c4a	84094074	https://en.wiktionary.org/w/index.php?title=Appendix:JLPT/N1&oldid=84094074
4	807	航海	こうかい	1281250	entries/1281/1281250-koukai.org	fea9968cd104984232768f3224b8a033627736d3	84094074	https://en.wiktionary.org/w/index.php?title=Appendix:JLPT/N1&oldid=84094074
4	846	降伏	こうふく	1282940	entries/1282/1282940-koufuku.org	5e9b37741456569ce5a53fa1d60afbf91d7e7308	84094074	https://en.wiktionary.org/w/index.php?title=Appendix:JLPT/N1&oldid=84094074
4	876	故人	こじん	1267190	entries/1267/1267190-kojin.org	919c070b830f34e5ec8aa430ae111ccf3b1bef78	84094074	https://en.wiktionary.org/w/index.php?title=Appendix:JLPT/N1&oldid=84094074
4	880	小銭	こぜに	1348470	entries/1348/1348470-kozeni.org	bcfc79bc6911852256290f1f28de8ed334bf4c2a	84094074	https://en.wiktionary.org/w/index.php?title=Appendix:JLPT/N1&oldid=84094074
4	893	言伝	ことづて	1264510	entries/1264/1264510-kotozute.org	e306205ebd0091edd377622b93ce61b8b4815795	84094074	https://en.wiktionary.org/w/index.php?title=Appendix:JLPT/N1&oldid=84094074
5	932	語句	ごく	1271060	entries/1271/1271060-goku.org	b55ae3bc0aa2f1340c7825f8e90c1a74a2939353	84094074	https://en.wiktionary.org/w/index.php?title=Appendix:JLPT/N1&oldid=84094074
5	941	差異	さい	1291340	entries/1291/1291340-sai.org	b7f21772b20f177cc17d1035e49c97e045a75635	84094074	https://en.wiktionary.org/w/index.php?title=Appendix:JLPT/N1&oldid=84094074
5	952	採集	さいしゅう	1294810	entries/1294/1294810-saishuu.org	5c64910ea956201a458f81f9211227cffaa587fd	84094074	https://en.wiktionary.org/w/index.php?title=Appendix:JLPT/N1&oldid=84094074
5	986	些事	さじ	1593790	entries/1593/1593790-saji.org	2cdd4d385707013fa381905b09250a2b5e0cc635	84094074	https://en.wiktionary.org/w/index.php?title=Appendix:JLPT/N1&oldid=84094074
5	1051	市街	しがい	1308190	entries/1308/1308190-shigai.org	3836b8c545b6c238a0f5c2b2bd34cf704a10ec9b	84094074	https://en.wiktionary.org/w/index.php?title=Appendix:JLPT/N1&oldid=84094074
5	1052	指揮	しき	1309700	entries/1309/1309700-shiki.org	fc3b12b8fd211b0ca0201ea630d4b57672a6ab76	84094074	https://en.wiktionary.org/w/index.php?title=Appendix:JLPT/N1&oldid=84094074
5	1104	仕舞い	しまい	1594530	entries/1594/1594530-shimai.org	cb8ad90da9a7600bf7df135d8b15df3b16f3f17f	84094074	https://en.wiktionary.org/w/index.php?title=Appendix:JLPT/N1&oldid=84094074
5	1113	吃逆	しゃっくり	1005650	entries/1005/1005650-shakkuri.org	e0bfbe6f6e49d332e598c15c8f1192a4aec2e139	84094074	https://en.wiktionary.org/w/index.php?title=Appendix:JLPT/N1&oldid=84094074
5	1131	修飾	しゅうしょく	1332070	entries/1332/1332070-shuushoku.org	4ea8f366cc7ad3895c0172e0d95804ca9eec9b0f	84094074	https://en.wiktionary.org/w/index.php?title=Appendix:JLPT/N1&oldid=84094074
5	1183	照明	しょうめい	1350990	entries/1350/1350990-shoumei.org	a282bf5854f5dae8c36c318e8e44bfc3dfb62dee	84094074	https://en.wiktionary.org/w/index.php?title=Appendix:JLPT/N1&oldid=84094074
6	1205	仕様	しよう	1305500	entries/1305/1305500-shiyou.org	92b427082e57b6acf3b8e81eb32ee880940170d5	84094074	https://en.wiktionary.org/w/index.php?title=Appendix:JLPT/N1&oldid=84094074
6	1206	私用	しよう	1311410	entries/1311/1311410-shiyou.org	1089ab29da11c210d96e68e402bf2dfe6e0637c5	84094074	https://en.wiktionary.org/w/index.php?title=Appendix:JLPT/N1&oldid=84094074
6	1219	振興	しんこう	1361380	entries/1361/1361380-shinkou.org	802d44c7e04bf7d966e67ce5856cbe6883291a9d	84094074	https://en.wiktionary.org/w/index.php?title=Appendix:JLPT/N1&oldid=84094074
6	1220	新興	しんこう	1361750	entries/1361/1361750-shinkou.org	cc53b3c17fe1edc3f419ead10bef0374045a8710	84094074	https://en.wiktionary.org/w/index.php?title=Appendix:JLPT/N1&oldid=84094074
6	1221	申告	しんこく	1363100	entries/1363/1363100-shinkoku.org	bbcffb627624c28d22e577542ca7a72ed1ba1ca0	84094074	https://en.wiktionary.org/w/index.php?title=Appendix:JLPT/N1&oldid=84094074
6	1241	真理	しんり	1364400	entries/1364/1364400-shinri.org	6dedcfc06fc2aac222bc3cfd8197992452fbf974	84094074	https://en.wiktionary.org/w/index.php?title=Appendix:JLPT/N1&oldid=84094074
6	1251	磁器	じき	1316980	entries/1316/1316980-jiki.org	5e77ab977682a9bfc45cdccc771dfc74a5b826f3	84094074	https://en.wiktionary.org/w/index.php?title=Appendix:JLPT/N1&oldid=84094074
6	1254	自己	じこ	1317580	entries/1317/1317580-jiko.org	c49f4c7906e02d0c1185f1c58d368280c2051974	84094074	https://en.wiktionary.org/w/index.php?title=Appendix:JLPT/N1&oldid=84094074
6	1263	自信	じしん	1317970	entries/1317/1317970-jishin.org	87773ad2dea76d1dc0bf8f1e8a1f0625f5ad0642	84094074	https://en.wiktionary.org/w/index.php?title=Appendix:JLPT/N1&oldid=84094074
6	1267	字体	じたい	1315200	entries/1315/1315200-jitai.org	7f5ca9d0cfb3e86549d202d94ef9ee43471b6a50	84094074	https://en.wiktionary.org/w/index.php?title=Appendix:JLPT/N1&oldid=84094074
7	1276	実情	じつじょう	1595260	entries/1595/1595260-jitsujou.org	1845f389a352e25751a17056b197e001063918a7	84094074	https://en.wiktionary.org/w/index.php?title=Appendix:JLPT/N1&oldid=84094074
7	1278	自動詞	じどうし	1318390	entries/1318/1318390-jidoushi.org	11582fba33f1af3d965dc2cf6a00da559e122ea9	84094074	https://en.wiktionary.org/w/index.php?title=Appendix:JLPT/N1&oldid=84094074
7	1323	女子	じょし	1345140	entries/1345/1345140-joshi.org	ade709b553372bc10c2cb51a4d6c4c4aed639894	84094074	https://en.wiktionary.org/w/index.php?title=Appendix:JLPT/N1&oldid=84094074
7	1324	女史	じょし	1345130	entries/1345/1345130-joshi.org	9ff3c2f30e98653174c85aca1469e384da3a2715	84094074	https://en.wiktionary.org/w/index.php?title=Appendix:JLPT/N1&oldid=84094074
7	1325	助詞	じょし	1344630	entries/1344/1344630-joshi.org	ec48bd43cb54dc4873c1d4764419380bcd34cf3a	84094074	https://en.wiktionary.org/w/index.php?title=Appendix:JLPT/N1&oldid=84094074
7	1334	水洗	すいせん	1371760	entries/1371/1371760-suisen.org	e51bff58ce10700188626a9d0707fc95c427568e	84094074	https://en.wiktionary.org/w/index.php?title=Appendix:JLPT/N1&oldid=84094074
7	1383	正規	せいき	1376850	entries/1376/1376850-seiki.org	e133081fabce5c2c685e262ce3a8a8fda0663114	84094074	https://en.wiktionary.org/w/index.php?title=Appendix:JLPT/N1&oldid=84094074
7	1387	精巧	せいこう	1379900	entries/1379/1379900-seikou.org	9117cb54e3847bed7bffcdb69b11e94d4d291099	84094074	https://en.wiktionary.org/w/index.php?title=Appendix:JLPT/N1&oldid=84094074
7	1407	成年	せいねん	1375830	entries/1375/1375830-seinen.org	92a7cee1d8d859a4374e16ef2af0686956ffbc37	84094074	https://en.wiktionary.org/w/index.php?title=Appendix:JLPT/N1&oldid=84094074
7	1412	姓名	せいめい	1375210	entries/1375/1375210-seimei.org	38c280e3fa651aa1b0763267ec36138dbfbfbcf7	84094074	https://en.wiktionary.org/w/index.php?title=Appendix:JLPT/N1&oldid=84094074
8	1413	声明	せいめい	1380540	entries/1380/1380540-seimei.org	44b47aa79c62505b275c26cf8e290a3f457bffb5	84094074	https://en.wiktionary.org/w/index.php?title=Appendix:JLPT/N1&oldid=84094074
8	1415	生理	せいり	1379580	entries/1379/1379580-seiri.org	11e009add71d8c5f959f012498c33894f0ced230	84094074	https://en.wiktionary.org/w/index.php?title=Appendix:JLPT/N1&oldid=84094074
8	1444	選考	せんこう	1392240	entries/1392/1392240-senkou.org	cf0e0d9496292c86af803dcfd7bb8c05e190c5c5	84094074	https://en.wiktionary.org/w/index.php?title=Appendix:JLPT/N1&oldid=84094074
8	1528	他意	たい	1406940	entries/1406/1406940-tai.org	b65bf1893d3affdbf921bbf006a3882c09b09ec8	84094074	https://en.wiktionary.org/w/index.php?title=Appendix:JLPT/N1&oldid=84094074
8	1549	対辺	たいへん	1655340	entries/1655/1655340-taihen.org	6cae36e6e37541b41e30050159a426dcfebb152e	84094074	https://en.wiktionary.org/w/index.php?title=Appendix:JLPT/N1&oldid=84094074
8	1580	仮令	たとえ	1597125	entries/1597/1597125-tatoe.org	eff2a803ac8f38a77f745e2c2238bf02da013413	84094074	https://en.wiktionary.org/w/index.php?title=Appendix:JLPT/N1&oldid=84094074
8	1733	辻褄	つじつま	1433730	entries/1433/1433730-tsujitsuma.org	fb0f6eea3668d043bd91613dd330a0784984fb01	84094074	https://en.wiktionary.org/w/index.php?title=Appendix:JLPT/N1&oldid=84094074
8	1786	鉄片	てっぺん	1779480	entries/1779/1779480-teppen.org	1c7421ec6c5aca47418b6756e5892f84e77afd04	84094074	https://en.wiktionary.org/w/index.php?title=Appendix:JLPT/N1&oldid=84094074
8	1796	点火	てんか	1441440	entries/1441/1441440-tenka.org	5174482d828b0f3b3a90be921efe5885e57d800e	84094074	https://en.wiktionary.org/w/index.php?title=Appendix:JLPT/N1&oldid=84094074
8	1802	転校	てんこう	1441140	entries/1441/1441140-tenkou.org	2e56040cde831b6136484e9b6ddddfb36667dbf2	84094074	https://en.wiktionary.org/w/index.php?title=Appendix:JLPT/N1&oldid=84094074
9	1928	同志	どうし	1452410	entries/1452/1452410-doushi.org	88ee482b4405a864687e642fb6d5c01dedd58d56	84094074	https://en.wiktionary.org/w/index.php?title=Appendix:JLPT/N1&oldid=84094074
9	1940	読者	どくしゃ	1456400	entries/1456/1456400-dokusha.org	244cdd2443dabd9817df6a91ba13447da8add7be	84094074	https://en.wiktionary.org/w/index.php?title=Appendix:JLPT/N1&oldid=84094074
9	2012	面皰	にきび	1533600	entries/1533/1533600-nikibi.org	f91ef0326a5057ce7309f86562f363f052cbef27	84094074	https://en.wiktionary.org/w/index.php?title=Appendix:JLPT/N1&oldid=84094074
9	2021	日当	にっとう	1464310	entries/1464/1464310-nittou.org	d2b12e3089e6e0288856ef26f03dbbfa1aa16746	84094074	https://en.wiktionary.org/w/index.php?title=Appendix:JLPT/N1&oldid=84094074
9	2034	人情	にんじょう	1368180	entries/1368/1368180-ninjou.org	a83547a14f92defb56cfcc333e60ef0871d9cdc9	84094074	https://en.wiktionary.org/w/index.php?title=Appendix:JLPT/N1&oldid=84094074
9	2058	年鑑	ねんかん	1468370	entries/1468/1468370-nenkan.org	d936816b8ce2b8914c12053357885338bf62353e	84094074	https://en.wiktionary.org/w/index.php?title=Appendix:JLPT/N1&oldid=84094074
9	2181	番目	ばんめ	1482410	entries/1482/1482410-banme.org	ee8258d9721fb8238a4c152d8fad92cfbe01cdb4	84094074	https://en.wiktionary.org/w/index.php?title=Appendix:JLPT/N1&oldid=84094074
9	2202	非行	ひこう	1484870	entries/1484/1484870-hikou.org	f54282245c6396f8ded26b94b9e4e49588066258	84094074	https://en.wiktionary.org/w/index.php?title=Appendix:JLPT/N1&oldid=84094074
9	2219	一頃	ひところ	1162570	entries/1162/1162570-hitokoro.org	f674d9d589caca060fbc2a44b445bc9870552b16	84094074	https://en.wiktionary.org/w/index.php?title=Appendix:JLPT/N1&oldid=84094074
9	2221	一目	ひとめ	1166950	entries/1166/1166950-hitome.org	f961231d6075f877e677d7f0a1f54fb6955ae664	84094074	https://en.wiktionary.org/w/index.php?title=Appendix:JLPT/N1&oldid=84094074
10	2222	日取り	ひどり	1464140	entries/1464/1464140-hidori.org	9176f0072519581a193c606b245b22b25f884ce0	84094074	https://en.wiktionary.org/w/index.php?title=Appendix:JLPT/N1&oldid=84094074
10	2223	日向	ひなた	1464050	entries/1464/1464050-hinata.org	168a4a22383dd6f8a7ef9e1cc311d1e626a93387	84094074	https://en.wiktionary.org/w/index.php?title=Appendix:JLPT/N1&oldid=84094074
10	2226	火花	ひばな	1193760	entries/1193/1193760-hibana.org	315866201db3fc6faf4b9b9be3c3062d669740a7	84094074	https://en.wiktionary.org/w/index.php?title=Appendix:JLPT/N1&oldid=84094074
10	2228	悲鳴	ひめい	1483350	entries/1483/1483350-himei.org	4159216101a63cf8d984f408f06e9cfe74e1be10	84094074	https://en.wiktionary.org/w/index.php?title=Appendix:JLPT/N1&oldid=84094074
10	2231	標語	ひょうご	1488680	entries/1488/1488680-hyougo.org	025e3d7f53a0aabf45193c573fef4bc56f05c1b4	84094074	https://en.wiktionary.org/w/index.php?title=Appendix:JLPT/N1&oldid=84094074
10	2250	描写	びょうしゃ	1490140	entries/1490/1490140-byousha.org	e51bf0b0bedc981127386d28581d636814d35b7e	84094074	https://en.wiktionary.org/w/index.php?title=Appendix:JLPT/N1&oldid=84094074
10	2300	不憫	ふびん	1602810	entries/1602/1602810-fubin.org	a723d4c916b60621b3e0eed12021a9fdba177378	84094074	https://en.wiktionary.org/w/index.php?title=Appendix:JLPT/N1&oldid=84094074
10	2381	宝器	ほうき	1748510	entries/1748/1748510-houki.org	c870e881daf301d071bac9290de6e233eb86bdd0	84094074	https://en.wiktionary.org/w/index.php?title=Appendix:JLPT/N1&oldid=84094074
10	2425	保母	ほぼ	1603540	entries/1603/1603540-hobo.org	7bfd4a2bcc5db029d1cdb851809c73e144c51886	84094074	https://en.wiktionary.org/w/index.php?title=Appendix:JLPT/N1&oldid=84094074
10	2558	民主	みんしゅ	1528790	entries/1528/1528790-minshu.org	4dcd7f94b44a935ee263f9cfbd8f91733b7c5815	84094074	https://en.wiktionary.org/w/index.php?title=Appendix:JLPT/N1&oldid=84094074
11	12	証	あかし	1351580	entries/1351/1351580-akashi.org	a2f7e5b3b983ce4fb68283ccff67c03482685917	84094074	https://en.wiktionary.org/w/index.php?title=Appendix:JLPT/N1&oldid=84094074
11	19	悪	あく	1151230	entries/1151/1151230-aku.org	6b89dfd90d489f5bbbb414f8b38f222e57302345	84094074	https://en.wiktionary.org/w/index.php?title=Appendix:JLPT/N1&oldid=84094074
11	21	悪どい	あくどい	1000260	entries/1000/1000260-akudoi.org	36389a42064d98764050103b61fa8194aa0b84cc	84094074	https://en.wiktionary.org/w/index.php?title=Appendix:JLPT/N1&oldid=84094074
11	33	葦	あし	1152820	entries/1152/1152820-ashi.org	ccb28cf2f3959ce818b7f475b73ad52f48cd0148	84094074	https://en.wiktionary.org/w/index.php?title=Appendix:JLPT/N1&oldid=84094074
11	38	私	あたし	1311125	entries/1311/1311125-atashi.org	3145a2d63f89afd22e83b74c1b17007d66c99b85	84094074	https://en.wiktionary.org/w/index.php?title=Appendix:JLPT/N1&oldid=84094074
11	49	宛てる	あてる	1153480	entries/1153/1153480-ateru.org	c5e42c4992052c097bfbd2ebb47483de57679231	84094074	https://en.wiktionary.org/w/index.php?title=Appendix:JLPT/N1&oldid=84094074
11	58	アマチュア	アマチュア	1018550	entries/1018/1018550-amachua.org	f774bcfb708d2441d5c4c3380071c71e5c84e631	84094074	https://en.wiktionary.org/w/index.php?title=Appendix:JLPT/N1&oldid=84094074
11	61	あやふや	あやふや	1000510	entries/1000/1000510-ayafuya.org	6b27adc3bde23f78a453670a4887e1aa845320f9	84094074	https://en.wiktionary.org/w/index.php?title=Appendix:JLPT/N1&oldid=84094074
11	66	あら	あら	1000520	entries/1000/1000520-ara.org	2ae0bec8c2faa53442c11025ff9a09f2cdef1dce	84094074	https://en.wiktionary.org/w/index.php?title=Appendix:JLPT/N1&oldid=84094074
11	72	アラブ	アラブ	1019060	entries/1019/1019060-arabu.org	3c8e61308878d28668360bf77f0afe9e6276c759	84094074	https://en.wiktionary.org/w/index.php?title=Appendix:JLPT/N1&oldid=84094074
12	79	アワー	アワー	1019840	entries/1019/1019840-awaa.org	20311ebfa13768cf70d63428358c17c71cf208c4	84094074	https://en.wiktionary.org/w/index.php?title=Appendix:JLPT/N1&oldid=84094074
12	80	アンケート	アンケート	1019940	entries/1019/1019940-ankeeto.org	6ab04983b77feca4fdd72eda58a788abb0b0266c	84094074	https://en.wiktionary.org/w/index.php?title=Appendix:JLPT/N1&oldid=84094074
12	81	アンコール	アンコール	1019950	entries/1019/1019950-ankooru.org	20e8d294487d7cad2f4bfb58c1bee837e5629339	84094074	https://en.wiktionary.org/w/index.php?title=Appendix:JLPT/N1&oldid=84094074
12	105	生ける	いける	1587190	entries/1587/1587190-ikeru.org	56faf9b31a10ca2818cd4f96bc81afee7344bcc0	84094074	https://en.wiktionary.org/w/index.php?title=Appendix:JLPT/N1&oldid=84094074
12	109	いざ	いざ	1000750	entries/1000/1000750-iza.org	d1648da08055062b26498ecaac47533f443d6fe5	84094074	https://en.wiktionary.org/w/index.php?title=Appendix:JLPT/N1&oldid=84094074
12	112	意地	いじ	1156720	entries/1156/1156720-iji.org	8ba0e42856e0259e7b44e2c999d7b07581f5befc	84094074	https://en.wiktionary.org/w/index.php?title=Appendix:JLPT/N1&oldid=84094074
12	122	痛む	いたむ	1432710	entries/1432/1432710-itamu.org	9a88e933218a2454a0b8771d27290af2f2ac775a	84094074	https://en.wiktionary.org/w/index.php?title=Appendix:JLPT/N1&oldid=84094074
12	127	一見	いちげん	1727890	entries/1727/1727890-ichigen.org	575bccb1e1eb27cb8a7917b1629ebd973aef9206	84094074	https://en.wiktionary.org/w/index.php?title=Appendix:JLPT/N1&oldid=84094074
12	172	インフレ	インフレ	1024430	entries/1024/1024430-infure.org	fe7212fd5571c6e7b23e25c23e373aa33c6282e2	84094074	https://en.wiktionary.org/w/index.php?title=Appendix:JLPT/N1&oldid=84094074
12	174	ウイルス	ウイルス	1025450	entries/1025/1025450-uirusu.org	7ec70ae5476c6ffc25bc9ee365050829dc74f8b1	84094074	https://en.wiktionary.org/w/index.php?title=Appendix:JLPT/N1&oldid=84094074
13	185	渦	うず	1172310	entries/1172/1172310-uzu.org	b6d0852027a15a069c1fb21d535274f7980f29bd	84094074	https://en.wiktionary.org/w/index.php?title=Appendix:JLPT/N1&oldid=84094074
13	214	うんざり	うんざり	1001110	entries/1001/1001110-unzari.org	e0c46e827119520690534eae2871cde12ed8bc95	84094074	https://en.wiktionary.org/w/index.php?title=Appendix:JLPT/N1&oldid=84094074
13	224	鱝	えい	1001130	entries/1001/1001130-ei.org	535f20e0f4f3439f73de774ca1bd0a2ea1d8e06f	84094074	https://en.wiktionary.org/w/index.php?title=Appendix:JLPT/N1&oldid=84094074
13	235	エレガント	エレガント	1030350	entries/1030/1030350-ereganto.org	39831fe66da4864c15acac02178ca7058c889f10	84094074	https://en.wiktionary.org/w/index.php?title=Appendix:JLPT/N1&oldid=84094074
13	242	エンジニア	エンジニア	1030910	entries/1030/1030910-enjinia.org	ddf45dc0a4709fe011f5f6290b0f5007ea8111f4	84094074	https://en.wiktionary.org/w/index.php?title=Appendix:JLPT/N1&oldid=84094074
13	249	おい	おい	1001200	entries/1001/1001200-oi.org	134734cd3931e641e418c824de32f6783da322f1	84094074	https://en.wiktionary.org/w/index.php?title=Appendix:JLPT/N1&oldid=84094074
13	251	甥	おい	1179140	entries/1179/1179140-oi.org	8e6335221b856c7df914c3c62741609c6f2addfe	84094074	https://en.wiktionary.org/w/index.php?title=Appendix:JLPT/N1&oldid=84094074
13	270	遅れ	おくれ	1422020	entries/1422/1422020-okure.org	e18eaa52f2b723fbf0930020421ec073b08ee615	84094074	https://en.wiktionary.org/w/index.php?title=Appendix:JLPT/N1&oldid=84094074
13	273	奢る	おごる	1565940	entries/1565/1565940-ogoru.org	d76e5d994250cf752accefc9f3c108eed00971c4	84094074	https://en.wiktionary.org/w/index.php?title=Appendix:JLPT/N1&oldid=84094074
13	278	教え	おしえ	1236890	entries/1236/1236890-oshie.org	bac86b45157dc769672a04c7dbdde0508c1153dd	84094074	https://en.wiktionary.org/w/index.php?title=Appendix:JLPT/N1&oldid=84094074
14	292	ＯＫ	オッケー	1031600	entries/1031/1031600-okkee.org	f831aa164e8371e1ea5dbdf4dc477720ab5ccff8	84094074	https://en.wiktionary.org/w/index.php?title=Appendix:JLPT/N1&oldid=84094074
14	301	驚き	おどろき	1238660	entries/1238/1238660-odoroki.org	47fb76c3cdda08e53337c30f7082a59e2fc6fba3	84094074	https://en.wiktionary.org/w/index.php?title=Appendix:JLPT/N1&oldid=84094074
14	308	お負け	おまけ	1694410	entries/1694/1694410-omake.org	459751efef822d415fa4a43a1ec90c1706f9c76b	84094074	https://en.wiktionary.org/w/index.php?title=Appendix:JLPT/N1&oldid=84094074
14	320	織り	おり	1929820	entries/1929/1929820-ori.org	087b0f3f476f120aee9f20ecb16b6cab1d79abc0	84094074	https://en.wiktionary.org/w/index.php?title=Appendix:JLPT/N1&oldid=84094074
14	322	オリエンテーション	オリエンテーション	1035550	entries/1035/1035550-orienteeshon.org	2a789a31606c6ca80daa7f6bb1754e21416e043f	84094074	https://en.wiktionary.org/w/index.php?title=Appendix:JLPT/N1&oldid=84094074
14	326	オレンジ	オレンジ	1035860	entries/1035/1035860-orenji.org	4d3e71869456cbc8ae9b804bb2097315c3905667	84094074	https://en.wiktionary.org/w/index.php?title=Appendix:JLPT/N1&oldid=84094074
14	329	オンライン	オンライン	1036080	entries/1036/1036080-onrain.org	64486535a1de0848eb27bcba731247f3a64da5b7	84094074	https://en.wiktionary.org/w/index.php?title=Appendix:JLPT/N1&oldid=84094074
14	332	オープン	オープン	1032990	entries/1032/1032990-oopun.org	703e09893dbf82d8b2270cc0233e908b1a34fd25	84094074	https://en.wiktionary.org/w/index.php?title=Appendix:JLPT/N1&oldid=84094074
14	333	科	か	1192680	entries/1192/1192680-ka.org	ec561226b87ddea3319eb1ae3efe51d8ef12e803	84094074	https://en.wiktionary.org/w/index.php?title=Appendix:JLPT/N1&oldid=84094074
14	374	画	かく	1197050	entries/1197/1197050-kaku.org	2ebcc788d658f7443f4c16cd42b1afb5e4f19681	84094074	https://en.wiktionary.org/w/index.php?title=Appendix:JLPT/N1&oldid=84094074
15	375	欠く	かく	1253900	entries/1253/1253900-kaku.org	db6a64cd7b4f3f38c90032b967c6fb55a66f9d17	84094074	https://en.wiktionary.org/w/index.php?title=Appendix:JLPT/N1&oldid=84094074
15	394	賭ける	かける	1444840	entries/1444/1444840-kakeru.org	1d1d856fe802c01a42cc49aa654ea7c2e700351e	84094074	https://en.wiktionary.org/w/index.php?title=Appendix:JLPT/N1&oldid=84094074
15	398	嵩む	かさむ	1372880	entries/1372/1372880-kasamu.org	d06a7616ea1a759e780ebbd8ef966b48de1a365f	84094074	https://en.wiktionary.org/w/index.php?title=Appendix:JLPT/N1&oldid=84094074
15	425	嘗て	かつて	1581210	entries/1581/1581210-katsute.org	62d76889be0de8a9a6b5221f11bc5831fba6d171	84094074	https://en.wiktionary.org/w/index.php?title=Appendix:JLPT/N1&oldid=84094074
15	426	カテゴリ	カテゴリ	1037790	entries/1037/1037790-kategori.org	b21de6e84c034031550e9c6a5e07b8dda45e25c2	84094074	https://en.wiktionary.org/w/index.php?title=Appendix:JLPT/N1&oldid=84094074
15	445	甕	かめ	1491110	entries/1491/1491110-kame.org	31afcf7096a688c60ecfeffadd0d6aee382edec3	84094074	https://en.wiktionary.org/w/index.php?title=Appendix:JLPT/N1&oldid=84094074
15	446	カメラマン	カメラマン	1038390	entries/1038/1038390-kameraman.org	eb08f5d4ebb23445bf81c4f78824e5826670c0b7	84094074	https://en.wiktionary.org/w/index.php?title=Appendix:JLPT/N1&oldid=84094074
15	449	仮	かり	1187290	entries/1187/1187290-kari.org	974b89affb1f66a7c62d29abb762381178ee2354	84094074	https://en.wiktionary.org/w/index.php?title=Appendix:JLPT/N1&oldid=84094074
15	451	借り	かり	1323540	entries/1323/1323540-kari.org	87dbbf0d491723ec45edaec3b1794fd37f7b3e3f	84094074	https://en.wiktionary.org/w/index.php?title=Appendix:JLPT/N1&oldid=84094074
15	453	涸れる	かれる	1568740	entries/1568/1568740-kareru.org	f7ae5ca22167796c844378dd8d2d96763113f299	84094074	https://en.wiktionary.org/w/index.php?title=Appendix:JLPT/N1&oldid=84094074
16	458	館	かん	1929870	entries/1929/1929870-kan.org	e24d857ce57ecac81493a49dec74b020a489c21e	84094074	https://en.wiktionary.org/w/index.php?title=Appendix:JLPT/N1&oldid=84094074
16	481	カンニング	カンニング	1039490	entries/1039/1039490-kanningu.org	ed175a0743fa03a3256e677c1f5defda56e3944c	84094074	https://en.wiktionary.org/w/index.php?title=Appendix:JLPT/N1&oldid=84094074
16	495	街	がい	1204570	entries/1204/1204570-gai.org	a0aa426528808e731b6e2cac31a2fa918b27ac49	84094074	https://en.wiktionary.org/w/index.php?title=Appendix:JLPT/N1&oldid=84094074
16	500	ガイド	ガイド	1039900	entries/1039/1039900-gaido.org	53f6691c468da2b60ca404d5d49d226e9cd06919	84094074	https://en.wiktionary.org/w/index.php?title=Appendix:JLPT/N1&oldid=84094074
16	519	がる	がる	1631750	entries/1631/1631750-garu.org	b687bc3b77510162a5802d76b824851ac5989d74	84094074	https://en.wiktionary.org/w/index.php?title=Appendix:JLPT/N1&oldid=84094074
16	520	ガレージ	ガレージ	1040530	entries/1040/1040530-gareeji.org	b3969bd32d127823c1e1579b13a3a21f88b10217	84094074	https://en.wiktionary.org/w/index.php?title=Appendix:JLPT/N1&oldid=84094074
16	521	側	がわ	1581310	entries/1581/1581310-gawa.org	56aa49dcbfa82e1ada3cace5f32e89778fceb894	84094074	https://en.wiktionary.org/w/index.php?title=Appendix:JLPT/N1&oldid=84094074
16	522	癌	がん	1217110	entries/1217/1217110-gan.org	95eee5e4ac0784587b64e5455873c6dc8e0fd6cd	84094074	https://en.wiktionary.org/w/index.php?title=Appendix:JLPT/N1&oldid=84094074
16	530	生	き	1378440	entries/1378/1378440-ki.org	42bfc871cb238d67136947910ea9adf033838fce	84094074	https://en.wiktionary.org/w/index.php?title=Appendix:JLPT/N1&oldid=84094074
16	550	兆し	きざし	1591160	entries/1591/1591160-kizashi.org	ab745748f16b220947a54bd13e0fbd25415311ed	84094074	https://en.wiktionary.org/w/index.php?title=Appendix:JLPT/N1&oldid=84094074
17	552	軋む	きしむ	1573440	entries/1573/1573440-kishimu.org	5d29009ba9b3ad06a6670fc13bf4712880421fe3	84094074	https://en.wiktionary.org/w/index.php?title=Appendix:JLPT/N1&oldid=84094074
17	564	きちっと	きちっと	1003390	entries/1003/1003390-kichitto.org	9c493f36a0b86ba019639a15b07f6e1f8db52952	84094074	https://en.wiktionary.org/w/index.php?title=Appendix:JLPT/N1&oldid=84094074
17	568	きっぱり	きっぱり	1003440	entries/1003/1003440-kippari.org	ec47d4a8b6fd1d5c69c3295803590e0fb58244ac	84094074	https://en.wiktionary.org/w/index.php?title=Appendix:JLPT/N1&oldid=84094074
17	571	甲	きのえ	2397580	entries/2397/2397580-kinoe.org	5ffb5bcc65776483072a20caeb42a0ff38c8baa2	84094074	https://en.wiktionary.org/w/index.php?title=Appendix:JLPT/N1&oldid=84094074
17	580	きまり悪い	きまりわるい	1254160	entries/1254/1254160-kimariwarui.org	82470c717b8201cf2b48961cb6b25cfc85166c6f	84094074	https://en.wiktionary.org/w/index.php?title=Appendix:JLPT/N1&oldid=84094074
17	617	供する	きょうする	1233550	entries/1233/1233550-kyousuru.org	850b7cd58ed593a1e9d37380c212540dd1d1d2dd	84094074	https://en.wiktionary.org/w/index.php?title=Appendix:JLPT/N1&oldid=84094074
17	627	曲	きょく	1239700	entries/1239/1239700-kyoku.org	b58f29bd3ea3666c1bff5c927bbd4c0f42906fdb	84094074	https://en.wiktionary.org/w/index.php?title=Appendix:JLPT/N1&oldid=84094074
17	632	距離	きょり	1232920	entries/1232/1232920-kyori.org	e16508f4e5933a40d5ad0818f460f4dcdc1923b1	84094074	https://en.wiktionary.org/w/index.php?title=Appendix:JLPT/N1&oldid=84094074
17	638	桐	きり	1240710	entries/1240/1240710-kiri.org	cd0ead08b6f3033a53fc37ce33e8918fad6ca2ba	84094074	https://en.wiktionary.org/w/index.php?title=Appendix:JLPT/N1&oldid=84094074
17	642	際	きわ	1296290	entries/1296/1296290-kiwa.org	d7de22208f77f139fe380cc0d20ddbef4c55446c	84094074	https://en.wiktionary.org/w/index.php?title=Appendix:JLPT/N1&oldid=84094074
18	649	禁ずる	きんずる	1241480	entries/1241/1241480-kinzuru.org	89388d56ee5efb0bca67e264589a025ce0b8c70a	84094074	https://en.wiktionary.org/w/index.php?title=Appendix:JLPT/N1&oldid=84094074
18	674	クイズ	クイズ	1043470	entries/1043/1043470-kuizu.org	9616295ed8b73f969b7b5a79cd315922a9d5faf1	84094074	https://en.wiktionary.org/w/index.php?title=Appendix:JLPT/N1&oldid=84094074
18	683	擽ったい	くすぐったい	1003730	entries/1003/1003730-kusuguttai.org	cacad617e9727a5d91e057fea3cd3d099da2ef2c	84094074	https://en.wiktionary.org/w/index.php?title=Appendix:JLPT/N1&oldid=84094074
18	684	件	くだん	1255930	entries/1255/1255930-kudan.org	4b56252a823eef38e1e556fa16924b572d4c99f3	84094074	https://en.wiktionary.org/w/index.php?title=Appendix:JLPT/N1&oldid=84094074
18	691	諄い	くどい	1572760	entries/1572/1572760-kudoi.org	7d3aa72f08a6c3906f2b680d178527203e784536	84094074	https://en.wiktionary.org/w/index.php?title=Appendix:JLPT/N1&oldid=84094074
18	698	クラブ	クラブ	2846405	entries/2846/2846405-kurabu.org	404f21f498d4885a36408c344e576f0303e658de	84094074	https://en.wiktionary.org/w/index.php?title=Appendix:JLPT/N1&oldid=84094074
18	701	クレーン	クレーン	1045280	entries/1045/1045280-kureen.org	239c0e70c68afe6cfdb156ed61f41a93d47235cf	84094074	https://en.wiktionary.org/w/index.php?title=Appendix:JLPT/N1&oldid=84094074
18	706	グラフ	グラフ	1046610	entries/1046/1046610-gurafu.org	95f756a6eac74c74f191659fee5b0eca0319c861	84094074	https://en.wiktionary.org/w/index.php?title=Appendix:JLPT/N1&oldid=84094074
18	708	群	ぐん	1247490	entries/1247/1247490-gun.org	cf42db05e0f1769c3f1c9807c1b00d1278b5038d	84094074	https://en.wiktionary.org/w/index.php?title=Appendix:JLPT/N1&oldid=84094074
18	714	刑	けい	1249610	entries/1249/1249610-kei.org	337e06b27ccb81cf787d8977d047b5e78971db1f	84094074	https://en.wiktionary.org/w/index.php?title=Appendix:JLPT/N1&oldid=84094074
19	2239	広まる	ひろまる	1278450	entries/1278/1278450-hiromaru.org	2cfb93c239994d8ea83d93034aaea87f0cfd1f55	84094074	https://en.wiktionary.org/w/index.php?title=Appendix:JLPT/N1&oldid=84094074
19	736	汚らわしい	けがらわしい	1178980	entries/1178/1178980-kegarawashii.org	71ccea80635f9613f7a03a9d2140f667b453e06d	84094074	https://en.wiktionary.org/w/index.php?title=Appendix:JLPT/N1&oldid=84094074
19	737	汚れ	けがれ	1178990	entries/1178/1178990-kegare.org	95150d62274dbf5f62ec7815ed90a64a79c2ef57	84094074	https://en.wiktionary.org/w/index.php?title=Appendix:JLPT/N1&oldid=84094074
19	752	貶す	けなす	1573120	entries/1573/1573120-kenasu.org	f34a6d98db3392290b8451e948a606eae73de2a6	84094074	https://en.wiktionary.org/w/index.php?title=Appendix:JLPT/N1&oldid=84094074
19	758	圏	けん	1257080	entries/1257/1257080-ken.org	93f227ff1565b7e7ab2693590407e737994c4323	84094074	https://en.wiktionary.org/w/index.php?title=Appendix:JLPT/N1&oldid=84094074
19	759	権	けん	1258080	entries/1258/1258080-ken.org	f72a89c2fe1b7fb5886f057431b47bcc1a1e8c35	84094074	https://en.wiktionary.org/w/index.php?title=Appendix:JLPT/N1&oldid=84094074
19	774	ゲスト	ゲスト	1048550	entries/1048/1048550-gesuto.org	e2d1de3e2e635a6de9b0109a1f0427ef3aaff1c5	84094074	https://en.wiktionary.org/w/index.php?title=Appendix:JLPT/N1&oldid=84094074
19	776	げっそり	げっそり	1004250	entries/1004/1004250-gessori.org	ae7aede2ae2da1dad49068c1077aa6a7457a4acc	84094074	https://en.wiktionary.org/w/index.php?title=Appendix:JLPT/N1&oldid=84094074
19	796	戸	こ	1659920	entries/1659/1659920-ko.org	407ce85d6ec641cf49be7fdacea13845c7b863c7	84094074	https://en.wiktionary.org/w/index.php?title=Appendix:JLPT/N1&oldid=84094074
19	797	故	こ	1267110	entries/1267/1267110-ko.org	bfb4421002a5b8a9b3f5b97d8c5cd76496f099f9	84094074	https://en.wiktionary.org/w/index.php?title=Appendix:JLPT/N1&oldid=84094074
20	799	校	こう	2259610	entries/2259/2259610-kou.org	913efb4f06cf981c397c8cd2ceaeb1f4632599fc	84094074	https://en.wiktionary.org/w/index.php?title=Appendix:JLPT/N1&oldid=84094074
20	2270	深める	ふかめる	1362680	entries/1362/1362680-fukameru.org	fb6bc18c4c82612db11ed408fe520741f35756e2	84094074	https://en.wiktionary.org/w/index.php?title=Appendix:JLPT/N1&oldid=84094074
20	815	煌々	こうこう	1569020	entries/1569/1569020-koukou.org	0258d2ddc5b323fc9ed41840280ab73a2222f71e	84094074	https://en.wiktionary.org/w/index.php?title=Appendix:JLPT/N1&oldid=84094074
20	862	個々	ここ	1593190	entries/1593/1593190-koko.org	450530493ab4f6103351dc0e51ed915dea354745	84094074	https://en.wiktionary.org/w/index.php?title=Appendix:JLPT/N1&oldid=84094074
20	2359	経る	へる	1251110	entries/1251/1251110-heru.org	4fcaa09286ed71cb807501da9845db703de24fcc	84094074	https://en.wiktionary.org/w/index.php?title=Appendix:JLPT/N1&oldid=84094074
20	2487	マスコミ	マスコミ	1127900	entries/1127/1127900-masukomi.org	edd420c9366b10c7c2888e0c5e9ac3b10fa60337	84094074	https://en.wiktionary.org/w/index.php?title=Appendix:JLPT/N1&oldid=84094074
20	889	骨	こつ	1288540	entries/1288/1288540-kotsu.org	b9edbf239e6181217b8dee1a2fb6c3c0e06f0c49	84094074	https://en.wiktionary.org/w/index.php?title=Appendix:JLPT/N1&oldid=84094074
20	892	悉く	ことごとく	1004570	entries/1004/1004570-kotogotoku.org	d493c687e3ab96fd3c5d65db21094afb2de56ccf	84094074	https://en.wiktionary.org/w/index.php?title=Appendix:JLPT/N1&oldid=84094074
20	895	事によると	ことによると	2773660	entries/2773/2773660-kotoniyoruto.org	d9bdd2aaef1332a0613c5d5e38e1dbdd3aac1722	84094074	https://en.wiktionary.org/w/index.php?title=Appendix:JLPT/N1&oldid=84094074
20	901	コミュニケーション	コミュニケーション	1050980	entries/1050/1050980-komyunikeeshon.org	f6e6be4f79e229fb897c6ca9c65b0b86503dfba0	84094074	https://en.wiktionary.org/w/index.php?title=Appendix:JLPT/N1&oldid=84094074
21	903	コメント	コメント	1051230	entries/1051/1051230-komento.org	1721a5229b026fff54f111363de18e2c0b49f7ee	84094074	https://en.wiktionary.org/w/index.php?title=Appendix:JLPT/N1&oldid=84094074
21	2490	跨る	またがる	1603970	entries/1603/1603970-matagaru.org	c61eb3d2c36fcfa72209ed1d493db8af81bffe86	84094074	https://en.wiktionary.org/w/index.php?title=Appendix:JLPT/N1&oldid=84094074
21	914	コンタクト	コンタクト	1052410	entries/1052/1052410-kontakuto.org	d74ddb7bf099e7c0e49b0585065c5d85ed8140b9	84094074	https://en.wiktionary.org/w/index.php?title=Appendix:JLPT/N1&oldid=84094074
21	917	コンテスト	コンテスト	1052590	entries/1052/1052590-kontesuto.org	e54c0bcb9a72ff035a491dc561373f2c1965779e	84094074	https://en.wiktionary.org/w/index.php?title=Appendix:JLPT/N1&oldid=84094074
21	921	コンパス	コンパス	1053130	entries/1053/1053130-konpasu.org	5c8ce1bc937df4fe222ea2e4f88c1b41cc2d7641	84094074	https://en.wiktionary.org/w/index.php?title=Appendix:JLPT/N1&oldid=84094074
21	922	コーナー	コーナー	1049110	entries/1049/1049110-koonaa.org	d22dcf542e01add383352f48b2fa4394e6509b19	84094074	https://en.wiktionary.org/w/index.php?title=Appendix:JLPT/N1&oldid=84094074
21	925	業	ごう	1239320	entries/1239/1239320-gou.org	7a36e98b7c6ec11cb066f4cd1aeb4fadbaa7c1fb	84094074	https://en.wiktionary.org/w/index.php?title=Appendix:JLPT/N1&oldid=84094074
21	926	壕	ごう	1956270	entries/1956/1956270-gou.org	197d68d2402a5760e8198d4df6673fbb1122a5e8	84094074	https://en.wiktionary.org/w/index.php?title=Appendix:JLPT/N1&oldid=84094074
21	936	毎	ごと	1524640	entries/1524/1524640-goto.org	f7ae06cde7ffbb4f5b398d80a5f536fc71700fd6	84094074	https://en.wiktionary.org/w/index.php?title=Appendix:JLPT/N1&oldid=84094074
21	939	ご覧なさい	ごらんなさい	1270770	entries/1270/1270770-gorannasai.org	1dac70c9a4e3251d3d21d86fd43f423f85656149	84094074	https://en.wiktionary.org/w/index.php?title=Appendix:JLPT/N1&oldid=84094074
22	947	サイクル	サイクル	1055520	entries/1055/1055520-saikuru.org	715a933d9ff4a02bee5ecce1c7f3966dfe5981d1	84094074	https://en.wiktionary.org/w/index.php?title=Appendix:JLPT/N1&oldid=84094074
22	961	囀る	さえずる	1565710	entries/1565/1565710-saezuru.org	39fdaa093895935a31751820037bf6921bce4af0	84094074	https://en.wiktionary.org/w/index.php?title=Appendix:JLPT/N1&oldid=84094074
22	2495	区々	まちまち	1604010	entries/1604/1604010-machimachi.org	1db115373f67b2d3712a59ead77a9b58f76f0361	84094074	https://en.wiktionary.org/w/index.php?title=Appendix:JLPT/N1&oldid=84094074
22	969	先に	さきに	1387280	entries/1387/1387280-sakini.org	f07efb9a60ac2af651f7dede2693b865fdb46394	84094074	https://en.wiktionary.org/w/index.php?title=Appendix:JLPT/N1&oldid=84094074
22	971	作	さく	1297240	entries/1297/1297240-saku.org	02a2c76c1ff067ae67d8b26b46149158d842325d	84094074	https://en.wiktionary.org/w/index.php?title=Appendix:JLPT/N1&oldid=84094074
22	973	策	さく	1298260	entries/1298/1298260-saku.org	ed4e755a37ec41a481c917f3a4a38a3aef163124	84094074	https://en.wiktionary.org/w/index.php?title=Appendix:JLPT/N1&oldid=84094074
22	979	裂ける	さける	1558610	entries/1558/1558610-sakeru.org	143346688d9cf5bb4ddd369902855f2e04247373	84094074	https://en.wiktionary.org/w/index.php?title=Appendix:JLPT/N1&oldid=84094074
22	988	嘸	さぞ	1565620	entries/1565/1565620-sazo.org	23e0df05ae7056f04956f8dd270e859f0d011e51	84094074	https://en.wiktionary.org/w/index.php?title=Appendix:JLPT/N1&oldid=84094074
22	993	冊	さつ	1298520	entries/1298/1298520-satsu.org	c3321b6097e0ba5c10dd6d77823ecd1d7478ff8f	84094074	https://en.wiktionary.org/w/index.php?title=Appendix:JLPT/N1&oldid=84094074
22	996	裁く	さばく	1295940	entries/1295/1295940-sabaku.org	95fb3eb8525682abf53436139a61d412edac8a7c	84094074	https://en.wiktionary.org/w/index.php?title=Appendix:JLPT/N1&oldid=84094074
23	1004	さん	さん	1005340	entries/1005/1005340-san.org	efaf59da689fe23b52332d6109fef75405c2428e	84094074	https://en.wiktionary.org/w/index.php?title=Appendix:JLPT/N1&oldid=84094074
23	1010	サンキュー	サンキュー	1058250	entries/1058/1058250-sankyuu.org	17cad20b235ac881492525835379676a4a029927	84094074	https://en.wiktionary.org/w/index.php?title=Appendix:JLPT/N1&oldid=84094074
23	1016	サンタクロース	サンタクロース	1058420	entries/1058/1058420-santakuroosu.org	5f6747eb9210164b237cb45ca9539a7b93cdb5aa	84094074	https://en.wiktionary.org/w/index.php?title=Appendix:JLPT/N1&oldid=84094074
23	2522	見かける	みかける	1604430	entries/1604/1604430-mikakeru.org	77a060973038d96922b71afe332d030b8e2b0c80	84094074	https://en.wiktionary.org/w/index.php?title=Appendix:JLPT/N1&oldid=84094074
23	1069	システム	システム	1060300	entries/1060/1060300-shisutemu.org	8b8d7a90b6ca36f9d92dca2c09b9daba07a1ffda	84094074	https://en.wiktionary.org/w/index.php?title=Appendix:JLPT/N1&oldid=84094074
23	1078	認める	したためる	1467520	entries/1467/1467520-shitatameru.org	45ed9c23c4320ef6c2bbb8d14d781bec558f97bb	84094074	https://en.wiktionary.org/w/index.php?title=Appendix:JLPT/N1&oldid=84094074
23	2543	見っともない	みっともない	1259250	entries/1259/1259250-mittomonai.org	f1c8622d7d065b2e2123a28349c5838b9f12a416	84094074	https://en.wiktionary.org/w/index.php?title=Appendix:JLPT/N1&oldid=84094074
23	1120	周	しゅう	1331020	entries/1331/1331020-shuu.org	a389dc813f8b344e9f99b4198e60e267fd36a42d	84094074	https://en.wiktionary.org/w/index.php?title=Appendix:JLPT/N1&oldid=84094074
23	1121	衆	しゅう	1333240	entries/1333/1333240-shuu.org	29aece939a2763086d7975fbb82f97cde34c532b	84094074	https://en.wiktionary.org/w/index.php?title=Appendix:JLPT/N1&oldid=84094074
23	1167	症	しょう	1351000	entries/1351/1351000-shou.org	4079373c8e06fc45b33f73d776c224c2d302b2c0	84094074	https://en.wiktionary.org/w/index.php?title=Appendix:JLPT/N1&oldid=84094074
24	2648	役立つ	やくだつ	1538090	entries/1538/1538090-yakudatsu.org	3fb541ff804b84cb90538f733fb85e06849fada5	84094074	https://en.wiktionary.org/w/index.php?title=Appendix:JLPT/N1&oldid=84094074
24	1213	皺	しわ	1569740	entries/1569/1569740-shiwa.org	aee5ad9ca4251f74d5c23cf2f6ae801c8420050b	84094074	https://en.wiktionary.org/w/index.php?title=Appendix:JLPT/N1&oldid=84094074
24	1216	殿	しんがり	1442480	entries/1442/1442480-shingari.org	e6a7edaed9d8741e5886e10cda726744e67f1e6f	84094074	https://en.wiktionary.org/w/index.php?title=Appendix:JLPT/N1&oldid=84094074
24	1246	次	じ	1579580	entries/1579/1579580-ji.org	ee8b67b5cf359145a17e9ca75dfd3cd0593f593d	84094074	https://en.wiktionary.org/w/index.php?title=Appendix:JLPT/N1&oldid=84094074
24	2695	ゆとり	ゆとり	1013070	entries/1013/1013070-yutori.org	bcd3fa1bd0c48cea62ebb5161fe26324f76872e9	84094074	https://en.wiktionary.org/w/index.php?title=Appendix:JLPT/N1&oldid=84094074
24	1301	準ずる	じゅんずる	1341520	entries/1341/1341520-junzuru.org	8d7bfa72cac11c2e7224208cd2399cdf4253945f	84094074	https://en.wiktionary.org/w/index.php?title=Appendix:JLPT/N1&oldid=84094074
24	2696	ユニフォーム	ユニフォーム	1137430	entries/1137/1137430-yunifoomu.org	e2064cea8bf6f346a0d1589ab33cded813c68725	84094074	https://en.wiktionary.org/w/index.php?title=Appendix:JLPT/N1&oldid=84094074
24	1303	状	じょう	1356690	entries/1356/1356690-jou.org	50e703ed04232ec3c49979b867ed3632874e7ea8	84094074	https://en.wiktionary.org/w/index.php?title=Appendix:JLPT/N1&oldid=84094074
24	1327	人	じん	1366410	entries/1366/1366410-jin.org	68f3e4b633fc5e4ac446d69a768b710986bc7bbe	84094074	https://en.wiktionary.org/w/index.php?title=Appendix:JLPT/N1&oldid=84094074
24	1343	清々しい	すがすがしい	1595560	entries/1595/1595560-sugasugashii.org	1d37947fd0a17dd96c85a8b88c879162949d51df	84094074	https://en.wiktionary.org/w/index.php?title=Appendix:JLPT/N1&oldid=84094074
25	1344	過ぎ	すぎ	1195960	entries/1195/1195960-sugi.org	da4697e0827dc84e243983ccb8f5441dacc93245	84094074	https://en.wiktionary.org/w/index.php?title=Appendix:JLPT/N1&oldid=84094074
25	1346	掬う	すくう	1226200	entries/1226/1226200-sukuu.org	26089d6904d95e5a2008a5195afea1c45ddb829a	84094074	https://en.wiktionary.org/w/index.php?title=Appendix:JLPT/N1&oldid=84094074
25	1351	勧め	すすめ	1210900	entries/1210/1210900-susume.org	847be401ba3efb474627294653ec86f5b3c34251	84094074	https://en.wiktionary.org/w/index.php?title=Appendix:JLPT/N1&oldid=84094074
25	1357	ストレス	ストレス	1071490	entries/1071/1071490-sutoresu.org	b3aa1b43c58e91aa6729774d8bd388c5ae6fc4c2	84094074	https://en.wiktionary.org/w/index.php?title=Appendix:JLPT/N1&oldid=84094074
25	1362	スピード	スピード	1072310	entries/1072/1072310-supiido.org	90e882f04430e1e5e2fa8e40745f9e3e7ab57ee1	84094074	https://en.wiktionary.org/w/index.php?title=Appendix:JLPT/N1&oldid=84094074
25	1369	刷り	すり	1657910	entries/1657/1657910-suri.org	0104465979b04a4e67ff8f19932f266a54091c2e	84094074	https://en.wiktionary.org/w/index.php?title=Appendix:JLPT/N1&oldid=84094074
25	1370	すれ違い	すれちがい	1298930	entries/1298/1298930-surechigai.org	49254750af7b4a60084eb05ced65dae431b610e9	84094074	https://en.wiktionary.org/w/index.php?title=Appendix:JLPT/N1&oldid=84094074
25	1374	ずぶ濡れ	ずぶぬれ	1006410	entries/1006/1006410-zubunure.org	b82920e9f700dc9aee80688e3bc2faaab956826d	84094074	https://en.wiktionary.org/w/index.php?title=Appendix:JLPT/N1&oldid=84094074
25	1378	ずれる	ずれる	1006460	entries/1006/1006460-zureru.org	22b533477aa99b22e0f8cf2c177be838e79622b4	84094074	https://en.wiktionary.org/w/index.php?title=Appendix:JLPT/N1&oldid=84094074
25	1389	清算	せいさん	1378210	entries/1378/1378210-seisan.org	2edd8a7f2acb62bc272b09f4ba42bb3ca14671b7	84094074	https://en.wiktionary.org/w/index.php?title=Appendix:JLPT/N1&oldid=84094074
26	2737	弱まる	よわまる	1324580	entries/1324/1324580-yowamaru.org	39dde5d7217615dfc4a9f663a9da7e90ddc71cc7	84094074	https://en.wiktionary.org/w/index.php?title=Appendix:JLPT/N1&oldid=84094074
26	1466	禅	ぜん	1396420	entries/1396/1396420-zen.org	759380dcc19b47e80a4f9efef31a34f295ac250a	84094074	https://en.wiktionary.org/w/index.php?title=Appendix:JLPT/N1&oldid=84094074
26	1474	沿う	そう	1176700	entries/1176/1176700-sou.org	f53a4d4bef9f345e86c5ecdad23f88e6455856ec	84094074	https://en.wiktionary.org/w/index.php?title=Appendix:JLPT/N1&oldid=84094074
26	1476	僧	そう	1398030	entries/1398/1398030-sou.org	745d67c994909984be08687c8405d658e8f8de63	84094074	https://en.wiktionary.org/w/index.php?title=Appendix:JLPT/N1&oldid=84094074
26	1509	園	その	1176240	entries/1176/1176240-sono.org	ff0f43f8f986a672b36579174583d9ab971e8b75	84094074	https://en.wiktionary.org/w/index.php?title=Appendix:JLPT/N1&oldid=84094074
26	1515	逸らす	そらす	1167650	entries/1167/1167650-sorasu.org	80511d86b7c46c74203a8ccaa3dc056d78000278	84094074	https://en.wiktionary.org/w/index.php?title=Appendix:JLPT/N1&oldid=84094074
26	1516	反り	そり	1480110	entries/1480/1480110-sori.org	65734ac4d01dbd02ed1fc7d85ce7b1d3b9bfaf62	84094074	https://en.wiktionary.org/w/index.php?title=Appendix:JLPT/N1&oldid=84094074
26	1517	それ故	それゆえ	1406080	entries/1406/1406080-soreyue.org	a3ea3891c86d7b6a86c786ebd51e427922f2fe83	84094074	https://en.wiktionary.org/w/index.php?title=Appendix:JLPT/N1&oldid=84094074
26	1522	沿い	ぞい	1610080	entries/1610/1610080-zoi.org	02fdd332193d30c48cc83146dafa5e31fef89799	84094074	https://en.wiktionary.org/w/index.php?title=Appendix:JLPT/N1&oldid=84094074
26	1523	像	ぞう	1403110	entries/1403/1403110-zou.org	82226ee0e3f275c8bf45ea2344f79eb61cd49ebe	84094074	https://en.wiktionary.org/w/index.php?title=Appendix:JLPT/N1&oldid=84094074
27	1532	退学	たいがく	1411340	entries/1411/1411340-taigaku.org	0f5c946ea2c5ee347b87f9de3fa0138e973e6bcd	84094074	https://en.wiktionary.org/w/index.php?title=Appendix:JLPT/N1&oldid=84094074
27	1537	対して	たいして	1409820	entries/1409/1409820-taishite.org	cc08760ff2057f6067caabf76a01bdff5c2ff3ca	84094074	https://en.wiktionary.org/w/index.php?title=Appendix:JLPT/N1&oldid=84094074
27	1544	タイトル	タイトル	1075900	entries/1075/1075900-taitoru.org	fa1690820d875815936a438b083dde5485d86e25	84094074	https://en.wiktionary.org/w/index.php?title=Appendix:JLPT/N1&oldid=84094074
27	1562	高	たか	1633260	entries/1633/1633260-taka.org	520629451b932987c9aa82bd1da7c6e1e8161e58	84094074	https://en.wiktionary.org/w/index.php?title=Appendix:JLPT/N1&oldid=84094074
27	1563	高まる	たかまる	1283220	entries/1283/1283220-takamaru.org	7d1d7b2a5037f904b094a3b08bb42d663d3d17f2	84094074	https://en.wiktionary.org/w/index.php?title=Appendix:JLPT/N1&oldid=84094074
27	1567	類い	たぐい	1596870	entries/1596/1596870-tagui.org	99fc6dd1f9e915638605c3d27b0db5a02881cce2	84094074	https://en.wiktionary.org/w/index.php?title=Appendix:JLPT/N1&oldid=84094074
27	1577	断つ	たつ	1597030	entries/1597/1597030-tatsu.org	b586477c9503413035a5406a4a483c8a7b16764c	84094074	https://en.wiktionary.org/w/index.php?title=Appendix:JLPT/N1&oldid=84094074
27	1584	頼み	たのみ	1610270	entries/1610/1610270-tanomi.org	fd6d7bf8dd4a365f09522acd57031c0e8e6a5368	84094074	https://en.wiktionary.org/w/index.php?title=Appendix:JLPT/N1&oldid=84094074
27	1589	例	ためし	2713240	entries/2713/2713240-tameshi.org	cafe2deab90785b689c5f99c33aebbacfb8014ae	84094074	https://en.wiktionary.org/w/index.php?title=Appendix:JLPT/N1&oldid=84094074
27	2738	弱める	よわめる	1324590	entries/1324/1324590-yowameru.org	426eee4cfc4278f21b676bce8fa0624568aec9e4	84094074	https://en.wiktionary.org/w/index.php?title=Appendix:JLPT/N1&oldid=84094074
28	2744	ラベル	ラベル	1139720	entries/1139/1139720-raberu.org	4770554d2da8ff4d013b70053be04a6d03ea3b19	84094074	https://en.wiktionary.org/w/index.php?title=Appendix:JLPT/N1&oldid=84094074
28	1612	第	だい	1415260	entries/1415/1415260-dai.org	90f7c8a895b490f2b3ee4e99abea347945c3f0c8	84094074	https://en.wiktionary.org/w/index.php?title=Appendix:JLPT/N1&oldid=84094074
28	1621	丈	だけ	1007340	entries/1007/1007340-dake.org	a832660822c5313e5141adc628dea5cc2939dd1b	84094074	https://en.wiktionary.org/w/index.php?title=Appendix:JLPT/N1&oldid=84094074
28	1630	だらけ	だらけ	1007480	entries/1007/1007480-darake.org	9e0503a373f64b2feff8b14d533be8d63761110c	84094074	https://en.wiktionary.org/w/index.php?title=Appendix:JLPT/N1&oldid=84094074
28	1644	近づく	ちかづく	1242170	entries/1242/1242170-chikazuku.org	6e88604dac747acd54ffb1a4b39d0fd1a290af46	84094074	https://en.wiktionary.org/w/index.php?title=Appendix:JLPT/N1&oldid=84094074
28	1646	契る	ちぎる	1250160	entries/1250/1250160-chigiru.org	ef9729fd09fde46172cccbfceebfa48451889724	84094074	https://en.wiktionary.org/w/index.php?title=Appendix:JLPT/N1&oldid=84094074
28	1656	チャイム	チャイム	1077890	entries/1077/1077890-chaimu.org	413e656ed0390d29dc5f1d280ab2b8574b29e5a9	84094074	https://en.wiktionary.org/w/index.php?title=Appendix:JLPT/N1&oldid=84094074
28	1675	庁	ちょう	1427590	entries/1427/1427590-chou.org	d2ce295e8b9764557273cb7d1d73684986189a0b	84094074	https://en.wiktionary.org/w/index.php?title=Appendix:JLPT/N1&oldid=84094074
28	2799	碌に	ろくに	1570040	entries/1570/1570040-rokuni.org	bb3b2c490627bcdb805d07703a9b89d2e0a02f92	84094074	https://en.wiktionary.org/w/index.php?title=Appendix:JLPT/N1&oldid=84094074
28	1730	接ぐ	つぐ	1385340	entries/1385/1385340-tsugu.org	516338266e59a48d49cf176bf65a1cb113f74cb1	84094074	https://en.wiktionary.org/w/index.php?title=Appendix:JLPT/N1&oldid=84094074
29	1747	瞑る	つぶる	1585820	entries/1585/1585820-tsuburu.org	d9417dd140f8d2bf227156b3dd7a33f6a5d372df	84094074	https://en.wiktionary.org/w/index.php?title=Appendix:JLPT/N1&oldid=84094074
29	1752	強まる	つよまる	1236130	entries/1236/1236130-tsuyomaru.org	9331d9e25e1f498b4b7f417278249a6fb4af5dbd	84094074	https://en.wiktionary.org/w/index.php?title=Appendix:JLPT/N1&oldid=84094074
29	1753	強める	つよめる	1236150	entries/1236/1236150-tsuyomeru.org	5b921da05e630e3caa2c578f3fb803fbe83cc8c0	84094074	https://en.wiktionary.org/w/index.php?title=Appendix:JLPT/N1&oldid=84094074
29	2598	メッセージ	メッセージ	1133570	entries/1133/1133570-messeeji.org	f3141ad7829e24c8fe32277e269b2d9929f0cf4d	84094074	https://en.wiktionary.org/w/index.php?title=Appendix:JLPT/N1&oldid=84094074
29	1811	てんで	てんで	1008320	entries/1008/1008320-tende.org	e873bc7392691aebb949c9417cc26e69d785614d	84094074	https://en.wiktionary.org/w/index.php?title=Appendix:JLPT/N1&oldid=84094074
29	1820	デザイン	デザイン	1082900	entries/1082/1082900-dezain.org	ab9ba752d7db56a3af91af5b15acae36002a524e	84094074	https://en.wiktionary.org/w/index.php?title=Appendix:JLPT/N1&oldid=84094074
29	1831	データ	データ	1081190	entries/1081/1081190-deeta.org	723b13a5fc791504ea5fba94ecb8320c748a5e13	84094074	https://en.wiktionary.org/w/index.php?title=Appendix:JLPT/N1&oldid=84094074
29	1834	等	とう	1582305	entries/1582/1582305-tou.org	02d21078bd60f7f0920b2547d01baad400fd4ef0	84094074	https://en.wiktionary.org/w/index.php?title=Appendix:JLPT/N1&oldid=84094074
29	1835	棟	とう	1448340	entries/1448/1448340-tou.org	de67405f0160eb40a2a04fb7d8f6bb6c8075f5a9	84094074	https://en.wiktionary.org/w/index.php?title=Appendix:JLPT/N1&oldid=84094074
29	1862	説く	とく	1386420	entries/1386/1386420-toku.org	32352272d5c626333c8e74e8d58b6e59b6dbfc66	84094074	https://en.wiktionary.org/w/index.php?title=Appendix:JLPT/N1&oldid=84094074
